# ************************************************************
# Sequel Pro SQL dump
# Version 4499
#
# http://www.sequelpro.com/
# https://github.com/sequelpro/sequelpro
#
# Host: 127.0.0.1 (MySQL 5.5.23)
# Database: rtdb
# Generation Time: 2015-11-27 08:20:35 +0000
# ************************************************************


/*!40101 SET @OLD_CHARACTER_SET_CLIENT=@@CHARACTER_SET_CLIENT */;
/*!40101 SET @OLD_CHARACTER_SET_RESULTS=@@CHARACTER_SET_RESULTS */;
/*!40101 SET @OLD_COLLATION_CONNECTION=@@COLLATION_CONNECTION */;
/*!40101 SET NAMES utf8 */;
/*!40014 SET @OLD_FOREIGN_KEY_CHECKS=@@FOREIGN_KEY_CHECKS, FOREIGN_KEY_CHECKS=0 */;
/*!40101 SET @OLD_SQL_MODE=@@SQL_MODE, SQL_MODE='NO_AUTO_VALUE_ON_ZERO' */;
/*!40111 SET @OLD_SQL_NOTES=@@SQL_NOTES, SQL_NOTES=0 */;


# Dump of table ASSISTITI
# ------------------------------------------------------------

DROP TABLE IF EXISTS `ASSISTITI`;

CREATE TABLE `ASSISTITI` (
  `cod_fiscale` varchar(16) NOT NULL DEFAULT '',
  `nome` varchar(45) NOT NULL,
  `cognome` varchar(45) NOT NULL,
  `sesso` varchar(1) DEFAULT NULL,
  `stato_civile` int(2) DEFAULT NULL,
  `luogo_nascita` varchar(60) DEFAULT NULL,
  `data_nascita` date DEFAULT NULL,
  `nazionalita` varchar(4) DEFAULT NULL,
  `indirizzo_residenza` varchar(45) DEFAULT NULL,
  `citta_residenza` varchar(45) DEFAULT NULL,
  `cap` varchar(5) DEFAULT NULL,
  `provincia` int(11) DEFAULT NULL,
  `permesso_soggiorno` varchar(1) DEFAULT NULL,
  `telefono` varchar(20) DEFAULT NULL,
  `email` varchar(45) DEFAULT NULL,
  `num_documento` varchar(45) DEFAULT NULL,
  `ente_assistente` int(11) unsigned NOT NULL,
  `punteggio_idb` int(11) NOT NULL DEFAULT '0',
  `data_inserimento` date NOT NULL,
  `data_fine_assistenza` date DEFAULT NULL,
  `data_candidatura` date DEFAULT NULL,
  `data_accettazione` date DEFAULT NULL,
  `data_scadenza` date DEFAULT NULL,
  `data_dismissione` date DEFAULT NULL,
  `emporio` int(11) DEFAULT NULL,
  `operatore` int(11) NOT NULL,
  PRIMARY KEY (`cod_fiscale`),
  KEY `fk_nazionalita_idx` (`nazionalita`),
  KEY `fk_provincia_idx` (`provincia`),
  KEY `fk_ente_assistente_idx` (`ente_assistente`),
  KEY `fk_operatore_idx` (`operatore`),
  KEY `cognome_search` (`cognome`),
  CONSTRAINT `fk_ente_assistente` FOREIGN KEY (`ente_assistente`) REFERENCES `enti` (`id`) ON DELETE NO ACTION ON UPDATE NO ACTION,
  CONSTRAINT `fk_nazionalita` FOREIGN KEY (`nazionalita`) REFERENCES `nazioni` (`codice`) ON DELETE NO ACTION ON UPDATE NO ACTION,
  CONSTRAINT `fk_operatore` FOREIGN KEY (`operatore`) REFERENCES `users` (`id`) ON DELETE NO ACTION ON UPDATE NO ACTION,
  CONSTRAINT `fk_provincia` FOREIGN KEY (`provincia`) REFERENCES `province` (`cod_provincia`) ON DELETE NO ACTION ON UPDATE NO ACTION
) ENGINE=InnoDB DEFAULT CHARSET=utf8;

LOCK TABLES `ASSISTITI` WRITE;
/*!40000 ALTER TABLE `ASSISTITI` DISABLE KEYS */;

INSERT INTO `ASSISTITI` (`cod_fiscale`, `nome`, `cognome`, `sesso`, `stato_civile`, `luogo_nascita`, `data_nascita`, `nazionalita`, `indirizzo_residenza`, `citta_residenza`, `cap`, `provincia`, `permesso_soggiorno`, `telefono`, `email`, `num_documento`, `ente_assistente`, `punteggio_idb`, `data_inserimento`, `data_fine_assistenza`, `data_candidatura`, `data_accettazione`, `data_scadenza`, `data_dismissione`, `emporio`, `operatore`)
VALUES
	('BDDHYT78B65Z330K','HAYAT','ABDEDDINE','M',4,'PARIGI','1961-08-19','Z000','VIA G.MURARI BRA\' 26','VERONA','37181',24,'S','3391111192','email82@gmail.com','TERZO',2,13,'2015-08-05',NULL,NULL,NULL,NULL,NULL,NULL,7),
	('BDLJSA92L54Z158O','AJSE   ','ABDULA','F',4,'PARIGI','1960-06-13','Z000','VIA  MOLISE 17','VERONA','37137',23,'N','3391111148','email38@gmail.com','123456826',1,0,'2015-06-22',NULL,NULL,NULL,NULL,NULL,NULL,1),
	('BLDLNZ00C29A893I','LORENZO   ','BALDO','M',4,'PARIGI','1960-06-07','Z000','VIA VILLA GLORI 4','VERONA','37131',23,'N','3391111142','email32@gmail.com','PRIMO',1,19,'2015-06-16',NULL,NULL,NULL,NULL,NULL,NULL,1),
	('BLFZHR71A41Z330M','ZAHRA   ','BELFATMI','F',4,'PARIGI','1960-07-12','Z000','VIA G.DEL CARRETTO 58','VERONA','37166',23,'S','3391111177','email67@gmail.com','123456855',3,0,'2015-07-21',NULL,NULL,NULL,NULL,NULL,NULL,1),
	('BLKMJD12B01H783M','MAJD','BOULKOUTE','M',4,'PARIGI','1960-08-25','Z000','VIA A.RIGHI 9/B','VERONA','37210',23,'S','3391111221','email111@gmail.com','123456899',12,0,'2015-09-03','2015-11-21',NULL,NULL,NULL,NULL,NULL,1),
	('BLLFZO63H51Z330D','FOUZIA   ','ABOULAOULA','F',4,'PARIGI','1960-08-20','Z000','VIA A.RIGHI 9/B','VERONA','37205',23,'S','3391111216','email106@gmail.com','123456894',12,15,'2015-08-29',NULL,NULL,NULL,NULL,NULL,2,6),
	('BLLNRC69E20D612U','ENRICO   ','BELLINI','M',4,'PARIGI','1960-10-29','Z000','VIA FIUMICELLO 18','VERONA','37275',23,'S','3391111286','email176@gmail.com','123456964',1,0,'2015-11-07',NULL,NULL,NULL,NULL,NULL,NULL,6),
	('BNCZZA79A64Z330O','AZIZA   ','BENCHERQUI','F',4,'PARIGI','1960-05-27','Z000','VIA CACCIATORI PIEMONTESI 9','VERONA','37120',23,'S','3391111131','email21@gmail.com','123456809',11,19,'2015-06-05',NULL,'2015-11-26',NULL,NULL,NULL,2,6),
	('BNKMSR84P67A512U','MOYOSOREOLUWA FADEJIMI  ','BANKOLE','F',4,'PARIGI','1960-08-16','Z000','VIA P.SARPI 21','VERONA','37201',23,'N','3391111212','email102@gmail.com','123456890',1,0,'2015-08-25',NULL,NULL,NULL,NULL,NULL,NULL,1),
	('BNNSDA81A41Z330S','SAIDA','BENNOUNE','F',4,'PARIGI','1960-06-28','Z000','VIA G.PELLEGRINI 18','VERONA','37152',23,'S','3391111190','email53@gmail.com','123456841',12,12,'2015-07-07',NULL,'2015-11-26',NULL,NULL,NULL,2,7),
	('BNTGNI61L31M178S','GINO','BENETTI','M',4,'PARIGI','1960-11-05','Z705','VIALE SICILIA 12','VERONA','37282',23,'S','3391111293','email183@gmail.com','123456971',2,15,'2015-11-14',NULL,NULL,NULL,NULL,NULL,NULL,7),
	('BNTNTT69R43Z209L','BADUGE ANNETTE IDRANI ','BENTHOTA','F',4,'PARIGI','1960-09-01','Z000','S.NE S.LUCIA 8/A','VERONA','37217',23,'S','3391111228','email118@gmail.com','123456906',1,0,'2015-09-10',NULL,NULL,NULL,NULL,NULL,NULL,1),
	('BRMLNE39A65L781M','ELENA   ','BRAMBILLA','F',4,'PARIGI','1960-05-07','Z000','VIA S.GIACOMO 48','VERONA','37100',23,'S','3391111111','email01@gmail.com','SECONDO',1,10,'2015-05-16',NULL,NULL,NULL,NULL,NULL,NULL,1),
	('BRTDBR88R44I775O','DEBORA   ','BURATO','F',4,'PARIGI','1960-10-25','Z000','VIA S. GIACOMO 48','VERONA','37271',23,'N','3391111282','email172@gmail.com','123456960',2,0,'2015-11-03',NULL,NULL,NULL,NULL,NULL,NULL,1),
	('BRTLSN83S22I775X','ALESSANDRO   ','BURATO','M',4,'PARIGI','1960-10-24','Z000','VIA S. GIACOMO 48','VERONA','37270',23,'S','3391111281','email171@gmail.com','123456959',1,0,'2015-11-02',NULL,NULL,NULL,NULL,NULL,NULL,1),
	('BSTNNT73P59Z209C','KORALALAGE NILANTHI  ','BASTHIAN','F',4,'PARIGI','1960-07-30','Z000','MARIAM','VERONA','37184',23,'S','3391111195','email85@gmail.com','123456873',12,0,'2015-08-08',NULL,NULL,NULL,NULL,NULL,NULL,7),
	('BSYSBN06H53L781P','OSADABANWEN PRINCESS  ','OBASUYI','F',4,'PARIGI','1960-09-25','Z000','VIA DOGANA 16','S.GIOVANNI LUPATOTO','37241',23,'N','3391111252','email142@gmail.com','123456930',11,0,'2015-10-04',NULL,NULL,NULL,NULL,NULL,NULL,7),
	('BSYSHD70L01Z335T','OSA SHADOW  ','OBASUYI','M',4,'PARIGI','1960-09-24','Z000','VIA DOGANA 16','S.GIOVANNI LUPATOTO','37240',23,'S','3391111251','email141@gmail.com','123456929',3,0,'2015-10-03',NULL,NULL,NULL,NULL,NULL,NULL,6),
	('BSYSKV01S30L781H','OSAJE KEVIN  ','OBASUYI','M',4,'PARIGI','1960-09-26','Z000','VIA DOGANA 16','S.GIOVANNI LUPATOTO','37242',23,'S','3391111253','email143@gmail.com','123456931',12,0,'2015-10-05',NULL,NULL,NULL,NULL,NULL,NULL,1),
	('BTNCFR61R49Z318Q','CONFORT   ','BOATENG','F',4,'PARIGI','1960-07-25','Z000','VIA B.GIULIARI 29/C','VERONA','37179',23,'N','3391111190','email80@gmail.com','123456868',1,0,'2015-08-03',NULL,NULL,NULL,NULL,NULL,NULL,1),
	('BTNSHR96D63L781S','ESTHER   ','BOATENG','F',4,'PARIGI','1960-07-26','Z000','VIA B.GIULIARI 29/C','VERONA','37180',23,'S','3391111191','email81@gmail.com','123456869',1,0,'2015-08-04',NULL,NULL,NULL,NULL,NULL,NULL,6),
	('BVODNS82C27M172M','DENIS   ','BOVI','M',4,'PARIGI','1960-07-03','Z000','VIA I.PINDEMONTE 24','S.MARTINO B.A','37157',23,'N','3391111168','email58@gmail.com','123456846',12,15,'2015-07-12',NULL,NULL,NULL,NULL,NULL,2,1),
	('BVOFNC49B02A540W','FRANCESCO   ','BOVI','M',4,'PARIGI','1960-07-04','Z000','VIA I.PINDEMONTE 24','S.MARTINO B.A','37158',23,'S','3391111169','email59@gmail.com','123456847',1,0,'2015-07-13',NULL,NULL,NULL,NULL,NULL,NULL,6),
	('BVOSDK79S19M172V','SANDOKAN   ','BOVI','M',4,'PARIGI','1960-07-05','Z000','VIA I.PINDEMONTE 24','S.MARTINO B.A','37159',23,'N','3391111170','email60@gmail.com','123456848',2,0,'2015-07-14',NULL,NULL,NULL,NULL,NULL,NULL,7),
	('BVOSNT78R48M172N','SAMANTA   ','BOVI','F',4,'PARIGI','1960-07-02','Z000','VIA I.PINDEMONTE 24','S.MARTINO B.A','37156',23,'S','3391111167','email57@gmail.com','123456845',11,0,'2015-07-11',NULL,NULL,NULL,NULL,NULL,NULL,1),
	('CCABBR72M46E512B','BARBARA   ','CAUCI','F',4,'PARIGI','1960-09-12','Z000','VIA DIETRO SALIERI 18','VERONA','37228',23,'S','3391111239','email129@gmail.com','123456917',1,0,'2015-09-21',NULL,NULL,NULL,NULL,NULL,NULL,7),
	('CDNCNL70C09Z140E','CORNELIU   ','CIUDIN','M',4,'PARIGI','1960-10-01','Z000','VIA LEGNAGO 41','VERONA','37247',23,'S','3391111258','email148@gmail.com','123456936',11,0,'2015-10-10',NULL,NULL,NULL,NULL,NULL,NULL,7),
	('CDNOLG70C09Z140E','OLGA   ','CIUDIN','F',4,'PARIGI','1960-10-02','Z000','VIA LEGNAGO 41','VERONA','37248',23,'N','3391111259','email149@gmail.com','123456937',12,16,'2015-10-11',NULL,'2015-11-26',NULL,NULL,NULL,2,1),
	('CHFFTM51S55Z330G','FATIMA   ','CHAIF','F',4,'PARIGI','1960-06-27','Z000','VIA MANTOVANA 85','VERONA','37151',23,'N','3391111162','email52@gmail.com','123456840',11,0,'2015-07-06',NULL,NULL,NULL,NULL,NULL,NULL,6),
	('CHHKDJ73H62Z330B','KHADIJA   ','CHAID','F',4,'PARIGI','1960-06-17','Z000','VIALE DELL INDUSTRIA 2','VERONA','37141',23,'N','3391111152','email42@gmail.com','123456830',12,0,'2015-06-26',NULL,NULL,NULL,NULL,NULL,NULL,1),
	('CHMZLD39S66Z154U','ISOLDA   ','ACHMADULLINA','F',4,'PARIGI','1960-10-07','Z000','VIA NICOLA MAZZA 30','VERONA','37253',23,'N','3391111264','email154@gmail.com','123456942',2,0,'2015-10-16',NULL,NULL,NULL,NULL,NULL,NULL,6),
	('CHRBLL78B05Z330G','ABDALLAH   ','CHAARI','M',4,'PARIGI','1960-07-29','Z000','VIA G.MURARI BRA\' 26','VERONA','37183',23,'N','3391111194','email84@gmail.com','123456872',11,0,'2015-08-07',NULL,NULL,NULL,NULL,NULL,NULL,6),
	('CLNPCL46H23L781O','PERICLE   ','CEOLONI','M',4,'PARIGI','1960-10-14','Z000','VIA PRINCIPE AMEDEO 112','VILLAFRANCA','37260',23,'S','3391111271','email161@gmail.com','123456949',1,0,'2015-10-23',NULL,NULL,NULL,NULL,NULL,NULL,7),
	('CNTVCN83A71Z129T','VIORICA IONELLA  ','CANTEA','F',4,'PARIGI','1960-09-14','Z000','VIA RIVOLI 25 E','VERONA','37230',23,'S','3391111241','email131@gmail.com','123456919',3,0,'2015-09-23',NULL,NULL,NULL,NULL,NULL,NULL,6),
	('CSSLCU52S50L995C','LUCIA   ','COSSU','F',4,'PARIGI','1960-09-13','Z000','VIA VOLTURNO 22 A','VERONA','37229',23,'N','3391111240','email130@gmail.com','123456918',2,0,'2015-09-22',NULL,NULL,NULL,NULL,NULL,NULL,1),
	('DDCCLD75S41L781U','CLAUDIA   ','DADUCCI','F',4,'PARIGI','1960-10-03','Z000','VIA DIETRO SALIERI 18','VERONA','37249',23,'N','3391111260','email150@gmail.com','123456938',1,0,'2015-10-12',NULL,NULL,NULL,NULL,NULL,NULL,6),
	('FDLHMD65C01Z330F','AHMED   ','FADLALLAH','M',4,'PARIGI','1960-06-16','Z000','VIALE DELL INDUSTRIA 2','VERONA','37140',23,'S','3391111151','email41@gmail.com','123456829',11,0,'2015-06-25',NULL,NULL,NULL,NULL,NULL,NULL,7),
	('FJRDAO72A41Z330E','DAOUIA   ','FAJR','F',4,'PARIGI','1960-09-08','Z000','VIA F.MALFER 21','VERONA','37224',23,'S','3391111235','email125@gmail.com','123456913',3,0,'2015-09-17',NULL,NULL,NULL,NULL,NULL,NULL,6),
	('FLPLDE65D64L781X','ELDA   ','FILIPPI','F',4,'PARIGI','1960-05-08','Z000','VIA DEL TRICOLORE 8','VERONA','37101',23,'N','3391111112','email02@gmail.com','QUARTO',2,0,'2015-05-16',NULL,NULL,NULL,NULL,NULL,NULL,6),
	('FMNFBA94E21B296M','FABIO   ','FUMANERI','M',4,'PARIGI','1960-05-13','Z000','VIA Q.FILOPANTI 16','VERONA','37106',23,'S','3391111117','email07@gmail.com','123456795',2,0,'2015-05-22',NULL,NULL,NULL,NULL,NULL,NULL,1),
	('FMNJSC89R48B296B','JESSICA   ','FUMANERI','F',4,'PARIGI','1960-05-12','Z000','VIA Q.FILOPANTI 16','VERONA','37105',23,'S','3391111116','email06@gmail.com','123456794',1,0,'2015-05-21',NULL,NULL,NULL,NULL,NULL,NULL,7),
	('FRGMRA56H60C933L','MARIA   ','FRIGERIO','F',4,'PARIGI','1960-10-23','Z000','VIA S. GIACOMO 48','VERONA','37269',23,'N','3391111280','email170@gmail.com','123456958',12,0,'2015-11-01',NULL,NULL,NULL,NULL,NULL,NULL,7),
	('FRGPRZ58E71E507I','PATRIZIA   ','FRIGERIO','F',4,'PARIGI','1960-10-22','Z000','VIA S. GIACOMO 48','VERONA','37268',23,'S','3391111279','email169@gmail.com','123456957',11,0,'2015-10-31',NULL,NULL,NULL,NULL,NULL,NULL,6),
	('FRNNHR10M64L781K','WARNAKULASURIYA NISHARA  ','FERNANDO','F',4,'PARIGI','1960-09-06','Z000','VIA CENTRO 39','VERONA','37222',23,'S','3391111233','email123@gmail.com','123456911',1,0,'2015-09-15',NULL,NULL,NULL,NULL,NULL,NULL,7),
	('FRNRNN80R23Z209F','WARNAKULASURIYA ROBIN NIROSHAN ','FERNANDO','M',4,'PARIGI','1960-09-05','Z000','VIA CENTRO 39','VERONA','37221',23,'N','3391111232','email122@gmail.com','123456910',12,0,'2015-09-14',NULL,NULL,NULL,NULL,NULL,NULL,6),
	('FRNWNK58T31Z209J','WARNAKULASURIYA CAMILLUS  ','FERNANDO','M',4,'PARIGI','1960-09-04','Z000','VIA CENTRO 39','VERONA','37220',23,'N','3391111231','email121@gmail.com','123456909',11,0,'2015-09-13',NULL,NULL,NULL,NULL,NULL,NULL,1),
	('FVRKVN96B27L781B','KEVIN   ','FAVARO','M',4,'PARIGI','1960-07-11','Z000','VIA ROVEGGIA 29','VERONA','37165',23,'N','3391111176','email66@gmail.com','123456854',2,0,'2015-07-20',NULL,NULL,NULL,NULL,NULL,NULL,7),
	('FZLFRD89M26Z158O','FERDI   ','FAZLI','M',4,'PARIGI','1960-06-14','Z000','VIA  MOLISE 17','VERONA','37138',23,'S','3391111149','email39@gmail.com','123456827',2,0,'2015-06-23',NULL,NULL,NULL,NULL,NULL,NULL,1),
	('FZLHTM62L07Z158G','HETEM   ','FAZLI','M',4,'PARIGI','1960-06-08','Z000','VIA  MOLISE 17','VERONA','37132',23,'S','3391111143','email33@gmail.com','123456821',1,0,'2015-06-17',NULL,NULL,NULL,NULL,NULL,NULL,6),
	('FZLLRA91M52Z158E','LAURA   ','FAZLI','F',4,'PARIGI','1960-06-11','Z000','VIA  MOLISE 17','VERONA','37135',23,'S','3391111146','email36@gmail.com','123456824',11,0,'2015-06-20',NULL,NULL,NULL,NULL,NULL,NULL,6),
	('FZLRHN93P04Z158S','ORHAN   ','FAZLI','M',4,'PARIGI','1960-06-12','Z000','VIA  MOLISE 17','VERONA','37136',23,'N','3391111147','email37@gmail.com','123456825',12,0,'2015-06-21',NULL,NULL,NULL,NULL,NULL,NULL,7),
	('FZLRRT98H16L781C','ROBERTO   ','FAZLI','M',4,'PARIGI','1960-06-10','Z000','VIA  MOLISE 17','VERONA','37134',23,'S','3391111145','email35@gmail.com','123456823',3,0,'2015-06-19',NULL,NULL,NULL,NULL,NULL,NULL,1),
	('FZLSKJ68L45Z158T','SEFKIJE   ','FAZLI','F',4,'PARIGI','1960-06-09','Z000','VIA  MOLISE 17','VERONA','37133',23,'S','3391111144','email34@gmail.com','123456822',2,0,'2015-06-18',NULL,NULL,NULL,NULL,NULL,NULL,7),
	('GBMBWN87L60Z335Z','ABIEMWENSE   ','OGBOMO','F',4,'PARIGI','1960-11-24','Z000','CASE FERROVIERI P.NUOVA 12','VERONA','37301',23,'S','3391111312','email202@gmail.com','123456990',12,0,'2015-12-03',NULL,NULL,NULL,NULL,NULL,NULL,7),
	('GBMGFT02P63Z335J','GIFT   ','OGBOMO','F',4,'PARIGI','1960-11-23','Z000','CASE FERROVIERI P.NUOVA 12','VERONA','37300',23,'S','3391111311','email201@gmail.com','123456989',11,0,'2015-12-02',NULL,NULL,NULL,NULL,NULL,NULL,6),
	('GBMJYO93B47Z335S','JOY   ','OGBOMO','F',4,'PARIGI','1960-11-21','Z000','CASE FERROVIERI P.NUOVA 12','VERONA','37298',23,'S','3391111309','email199@gmail.com','123456987',2,0,'2015-11-30',NULL,NULL,NULL,NULL,NULL,NULL,7),
	('GBMSTN66D63Z335M','OSARETIN TINA  ','OGBOMO','F',4,'PARIGI','1960-11-22','Z000','CASE FERROVIERI P.NUOVA 12','VERONA','37299',23,'N','3391111310','email200@gmail.com','123456988',3,0,'2015-12-01',NULL,NULL,NULL,NULL,NULL,NULL,1),
	('GLLMRA08R56F924U','MARIA   ','GALLOTTI','F',4,'PARIGI','1960-10-11','Z000','VIA DEL PERLAR 52','VERONA','37257',23,'N','3391111268','email158@gmail.com','123456946',11,0,'2015-10-20',NULL,NULL,NULL,NULL,NULL,NULL,7),
	('GNKLBT10D50H783I','ELIZABETH OREOFELOWA  ITUN','OGUNKOLA','F',4,'PARIGI','1960-08-19','Z000','VIA P.SARPI 21','VERONA','37204',23,'S','3391111215','email105@gmail.com','123456893',11,0,'2015-08-28',NULL,NULL,NULL,NULL,NULL,NULL,1),
	('GNKLMM87E15Z335M','OLUFEMI MARK  ','OGUNKOLA','M',4,'PARIGI','1960-08-17','Z000','VIA P.SARPI 21','VERONA','37202',23,'S','3391111213','email103@gmail.com','123456891',2,0,'2015-08-26',NULL,NULL,NULL,NULL,NULL,NULL,6),
	('GNKMYR11S67H783C','MARY IRETIOGO AYOMIDE ','OGUNKOLA','F',4,'PARIGI','1960-08-18','Z000','VIA P.SARPI 21','VERONA','37203',23,'S','3391111214','email104@gmail.com','123456892',3,0,'2015-08-27',NULL,NULL,NULL,NULL,NULL,NULL,7),
	('GRCMHL62E57C514U','MICHELINA   ','GRIECO','F',4,'PARIGI','1960-07-10','Z000','VIA ROVEGGIA 29','VERONA','37164',23,'N','3391111175','email65@gmail.com','123456853',1,0,'2015-07-19',NULL,NULL,NULL,NULL,NULL,NULL,6),
	('HDDMNO79S52Z352H','MOUNA   ','HADDAD','H',4,'PARIGI','1960-11-20','Z000','VIA MARZANE 8','FUMANE','37297',23,'N','3391111308','email198@gmail.com','123456986',1,0,'2015-11-29',NULL,NULL,NULL,NULL,NULL,NULL,6),
	('HKMFTM59A41Z330J','FATIMA   ','HAKIMY','F',4,'PARIGI','1960-05-14','Z000','VIA BRIGATA ACQUI 1/B','VERONA','37107',23,'S','3391111118','email08@gmail.com','123456796',3,0,'2015-05-23',NULL,NULL,NULL,NULL,NULL,NULL,6),
	('HMLBLK42A01Z330S','ABDELKADER   ','HAMLICH','M',4,'PARIGI','1960-06-23','Z000','VIA MANTOVANA 85','VERONA','37147',23,'S','3391111158','email48@gmail.com','123456836',1,0,'2015-07-02',NULL,NULL,NULL,NULL,NULL,NULL,1),
	('HMLMMD09S29L781R','MOHAMED REDA  ','HAMLICH','M',4,'PARIGI','1960-06-26','Z000','VIA MANTOVANA 85','VERONA','37150',23,'N','3391111161','email51@gmail.com','123456839',3,0,'2015-07-05',NULL,NULL,NULL,NULL,NULL,NULL,1),
	('HMLYNS83R06Z330U','YOUNES   ','HAMLICH','M',4,'PARIGI','1960-06-25','Z000','VIA MANTOVANA 85','VERONA','37149',23,'S','3391111160','email50@gmail.com','123456838',2,0,'2015-07-04',NULL,NULL,NULL,NULL,NULL,NULL,7),
	('HMMZBD73B58Z330Z','ZOUBIDA   ','HAMMOU','F',4,'PARIGI','1960-09-20','Z000','VIA VILLA GLORI 3','VERONA','37236',23,'S','3391111247','email137@gmail.com','123456925',11,0,'2015-09-29',NULL,NULL,NULL,NULL,NULL,NULL,1),
	('HRBCKB72E27Z330S','CHAKIB   ','HARBI','M',4,'PARIGI','1960-07-07','Z000','VIA G.MURARI BRA\' 38','VERONA','37161',23,'S','3391111172','email62@gmail.com','123456850',11,0,'2015-07-16',NULL,NULL,NULL,NULL,NULL,NULL,6),
	('HRBLSI03E07A512K','ILIAS   ','HARBI','M',4,'PARIGI','1960-07-08','Z000','VIA G.MURARI BRA\' 38','VERONA','37162',23,'S','3391111173','email63@gmail.com','123456851',12,0,'2015-07-17',NULL,NULL,NULL,NULL,NULL,NULL,7),
	('HTOJDA77L30Z330B','JAOUAD   ','HOUTI','M',4,'PARIGI','1960-06-29','Z000','VIA G.PELLEGRINI 18','VERONA','37153',23,'N','3391111164','email54@gmail.com','123456842',1,0,'2015-07-08',NULL,NULL,NULL,NULL,NULL,NULL,1),
	('HTOMRA12L53L781R','AMIRA   ','HOUTI','F',4,'PARIGI','1960-06-30','Z000','VIA G.PELLEGRINI 18','VERONA','37154',23,'S','3391111165','email55@gmail.com','123456843',2,0,'2015-07-09',NULL,NULL,NULL,NULL,NULL,NULL,6),
	('JYMDMN05P48Z209Y','MOHOTTIGE DONA DEWMINI WIHANG','JAYAMANNA','F',4,'PARIGI','1960-08-01','Z000','P.ZA CERVIGNANO 10','VERONA','37186',23,'S','3391111197','email87@gmail.com','123456875',2,0,'2015-08-10',NULL,NULL,NULL,NULL,NULL,NULL,6),
	('JYMJCH70E31Z209I','MOHOTTIGE DON JUDE CHINTHAKA','JAYAMANNA','M',4,'PARIGI','1960-07-31','Z000','P.ZA CERVIGNANO 10','VERONA','37185',23,'N','3391111196','email86@gmail.com','123456874',1,0,'2015-08-09',NULL,NULL,NULL,NULL,NULL,NULL,1),
	('JYMJTH09A65L781D','MOHOTTIGE DOMA JUDITH KRSHMIN','JAYAMANNA','F',4,'PARIGI','1960-08-02','Z000','P.ZA CERVIGNANO 10','VERONA','37187',23,'N','3391111198','email88@gmail.com','123456876',3,0,'2015-08-11',NULL,NULL,NULL,NULL,NULL,NULL,7),
	('KFOGGN66C46Z318T','GEORGINA ADWOBA  ','KOFI','F',4,'PARIGI','1960-08-11','Z000','VIA A.CARISIO 18','VERONA','37196',23,'S','3391111207','email97@gmail.com','123456885',1,0,'2015-08-20',NULL,NULL,NULL,NULL,NULL,NULL,6),
	('LFLSDA69C67Z330W','SAIDA   ','LAAFILI','F',4,'PARIGI','1960-07-20','Z000','VIA CAVALCHINA 9','VERONA','37174',23,'S','3391111185','email75@gmail.com','123456863',1,0,'2015-07-29',NULL,NULL,NULL,NULL,NULL,NULL,7),
	('LKZFTM63L49Z330V','KOZDALI FATIMA  ','EL','F',4,'PARIGI','1960-05-31','Z000','VIA BISENZIO 14','VERONA','37124',23,'S','3391111135','email25@gmail.com','123456813',11,0,'2015-06-09',NULL,NULL,NULL,NULL,NULL,NULL,7),
	('LKZLSS35A01Z330X','EL HOUSSINE  ','EL KOZDALI','M',4,'PARIGI','1960-06-05','Z000','VIA BISENZIO 14','VERONA','37129',23,'N','3391111140','email30@gmail.com','123456818',11,0,'2015-06-14',NULL,NULL,NULL,NULL,NULL,NULL,6),
	('LLMZHR39A41Z330T','ZHOR   ','EL ALAMI','F',4,'PARIGI','1960-06-04','Z000','VIA BISENZIO 14','VERONA','37128',23,'S','3391111139','email29@gmail.com','123456817',3,0,'2015-06-13',NULL,NULL,NULL,NULL,NULL,NULL,1),
	('LMHBLZ74A01Z330R','ABDELAAZIZ   ','EL  MOUHTADI','M',4,'PARIGI','1960-09-09','Z000','VIA F.MALFER 21','VERONA','37225',23,'N','3391111236','email126@gmail.com','123456914',11,0,'2015-09-18',NULL,NULL,NULL,NULL,NULL,NULL,7),
	('LMHMRO08E31L781U','OMAR   ','EL  MOUHTADI','M',4,'PARIGI','1960-09-10','Z000','VIA F.MALFER 21','VERONA','37226',23,'S','3391111237','email127@gmail.com','123456915',12,0,'2015-09-19',NULL,NULL,NULL,NULL,NULL,NULL,1),
	('LMHSJA10S51L781V','SAJA   ','EL  MOUHTADI','F',4,'PARIGI','1960-09-11','Z000','VIA F.MALFER 21','VERONA','37227',23,'N','3391111238','email128@gmail.com','123456916',1,0,'2015-09-20',NULL,NULL,NULL,NULL,NULL,NULL,6),
	('LMJHYT87S65Z330Y','HAYAT   ','EL MJABBER','F',4,'PARIGI','1960-06-24','Z000','VIA MANTOVANA 85','VERONA','37148',23,'S','3391111159','email49@gmail.com','123456837',1,0,'2015-07-03',NULL,NULL,NULL,NULL,NULL,NULL,6),
	('LMKRBH69H55Z330H','RABHA   ','EL MOKHTARI','F',4,'PARIGI','1960-11-16','Z000','LOCALITA\' CHIALBERINO 38','BUSSOLENGO','37293',23,'N','3391111304','email194@gmail.com','123456982',2,0,'2015-11-25',NULL,NULL,NULL,NULL,NULL,NULL,1),
	('LPSBBR07M48L781E','BARBARA ANDREIA  ','LUPASCU','F',4,'PARIGI','1960-09-16','Z000','VIA RIVOLI 25 E','VERONA','37232',23,'S','3391111243','email133@gmail.com','123456921',12,0,'2015-09-25',NULL,NULL,NULL,NULL,NULL,NULL,1),
	('LPSCST07M08L781P','CRISTIAN ANDREI  ','LUPASCU','M',4,'PARIGI','1960-09-17','Z000','VIA RIVOLI 25 E','VERONA','37233',23,'S','3391111244','email134@gmail.com','123456922',1,0,'2015-09-26',NULL,NULL,NULL,NULL,NULL,NULL,1),
	('LPSCST78D15Z129C','CRISTINEL   ','LUPASCU','M',4,'PARIGI','1960-09-15','Z000','VIA RIVOLI 25 E','VERONA','37231',23,'S','3391111242','email132@gmail.com','123456920',11,0,'2015-09-24',NULL,NULL,NULL,NULL,NULL,NULL,7),
	('LXARTI81E55Z335G','RITA   ','ALEX','F',4,'PARIGI','1960-10-26','Z000','VIA S. TOSCANA 7','VERONA','37272',23,'S','3391111283','email173@gmail.com','123456961',3,0,'2015-11-04',NULL,NULL,NULL,NULL,NULL,NULL,6),
	('MDDKDD30A41Z330S','KHADDDOUJ   ','MOUDDENE','F',4,'PARIGI','1960-07-19','Z000','VIA G.DEL CARRETTO 58','VERONA','37173',23,'N','3391111184','email74@gmail.com','123456862',12,0,'2015-07-28',NULL,NULL,NULL,NULL,NULL,NULL,6),
	('MDNVTI78L64Z138T','VITA   ','MIDNA','F',4,'PARIGI','1960-07-06','Z000','VIA G.MURARI BRA\' 38','VERONA','37160',23,'S','3391111171','email61@gmail.com','123456849',3,0,'2015-07-15',NULL,NULL,NULL,NULL,NULL,NULL,1),
	('MJDBLH98A15Z330W','ABDELHADI   ','MAJID','M',4,'PARIGI','1960-11-13','Z000','LOCALITA\' CHIALBERINO 38','BUSSOLENGO','37290',23,'N','3391111301','email191@gmail.com','123456979',12,0,'2015-11-22',NULL,NULL,NULL,NULL,NULL,NULL,1),
	('MJDBLL53M02Z330V','ABDELLAH   ','MAJID','M',4,'PARIGI','1960-11-12','Z000','LOCALITA\' CHIALBERINO 38','BUSSOLENGO','37289',23,'S','3391111300','email190@gmail.com','123456978',11,0,'2015-11-21',NULL,NULL,NULL,NULL,NULL,NULL,1),
	('MJDBLL58M30Z330Z','ABDELILAH   ','MEJAAD','M',4,'PARIGI','1960-06-01','Z000','VIA BISENZIO 14','VERONA','37125',23,'N','3391111136','email26@gmail.com','123456814',12,0,'2015-06-10',NULL,NULL,NULL,NULL,NULL,NULL,1),
	('MJDHNN01T02Z330B','HANANE   ','MAJID','M',4,'PARIGI','1960-11-14','Z000','LOCALITA\' CHIALBERINO 38','BUSSOLENGO','37291',23,'N','3391111302','email192@gmail.com','123456980',1,0,'2015-11-23',NULL,NULL,NULL,NULL,NULL,NULL,6),
	('MJDLBN00P62L781F','LOUBNA   ','MEJAAD','F',4,'PARIGI','1960-06-03','Z000','VIA BISENZIO 14','VERONA','37127',23,'N','3391111138','email28@gmail.com','123456816',2,0,'2015-06-12',NULL,NULL,NULL,NULL,NULL,NULL,7),
	('MJDLMY02S47L781D','LAMYAE   ','MEJAAD','F',4,'PARIGI','1960-06-02','Z000','VIA BISENZIO 14','VERONA','37126',23,'S','3391111137','email27@gmail.com','123456815',1,0,'2015-06-11',NULL,NULL,NULL,NULL,NULL,NULL,6),
	('MJDYMN96B25Z330L','YAMINE   ','MAJID','F',4,'PARIGI','1960-11-15','Z000','LOCALITA\' CHIALBERINO 38','BUSSOLENGO','37292',23,'S','3391111303','email193@gmail.com','123456981',1,0,'2015-11-24',NULL,NULL,NULL,NULL,NULL,NULL,7),
	('MKOBSM09E65L781I','BASMA   ','MOUAK','F',4,'PARIGI','1960-09-19','Z000','VIA VILLA GLORI 3','VERONA','37235',23,'N','3391111246','email136@gmail.com','123456924',3,0,'2015-09-28',NULL,NULL,NULL,NULL,NULL,NULL,7),
	('MKOLTT61E02Z330T','EL HATTAB  ','MOUAK','M',4,'PARIGI','1960-09-18','Z000','VIA VILLA GLORI 3','VERONA','37234',23,'N','3391111245','email135@gmail.com','123456923',2,0,'2015-09-27',NULL,NULL,NULL,NULL,NULL,NULL,6),
	('MNFMCR61T69F839B','MARIA CIRA  ','MANFREDI','F',4,'PARIGI','1960-10-12','Z000','VIA DEL PERLAR 52','VERONA','37258',23,'S','3391111269','email159@gmail.com','123456947',12,0,'2015-10-21',NULL,NULL,NULL,NULL,NULL,NULL,1),
	('MRSPLA44E65L781F','PAOLA   ','MORASSO','F',4,'PARIGI','1960-10-15','Z000','VIA PRINCIPE AMEDEO 112','VILLAFRANCA','37261',23,'S','3391111272','email162@gmail.com','123456950',2,0,'2015-10-24',NULL,NULL,NULL,NULL,NULL,NULL,1),
	('MRTFBA94L22M172K','FABIO   ','MORETTI','M',4,'PARIGI','1960-10-04','Z000','VIA DIETRO SALIERI 18','VERONA','37250',23,'S','3391111261','email151@gmail.com','123456939',2,0,'2015-10-13',NULL,NULL,NULL,NULL,NULL,NULL,7),
	('MRTFLV66C16L781B','FLAVIO   ','MORETTI','M',4,'PARIGI','1960-10-06','Z000','VIA DIETRO SALIERI 18','VERONA','37252',23,'S','3391111263','email153@gmail.com','123456941',11,0,'2015-10-15',NULL,NULL,NULL,NULL,NULL,NULL,1),
	('MRTGLI01T44L781C','GIULIA   ','MORETTI','F',4,'PARIGI','1960-10-05','Z000','VIA DIETRO SALIERI 18','VERONA','37251',23,'N','3391111262','email152@gmail.com','123456940',3,0,'2015-10-14',NULL,NULL,NULL,NULL,NULL,NULL,1),
	('MTAKVN10T17L781J','KEVIN   ','AMATO','M',4,'PARIGI','1960-10-09','Z000','VIA DEL PERLAR 52','VERONA','37255',23,'N','3391111266','email156@gmail.com','123456944',2,0,'2015-10-18',NULL,NULL,NULL,NULL,NULL,NULL,1),
	('MTANTN65T21Z111K','ANTONIO   ','AMATO','M',4,'PARIGI','1960-10-10','Z000','VIA DEL PERLAR 52','VERONA','37256',23,'S','3391111267','email157@gmail.com','123456945',3,0,'2015-10-19',NULL,NULL,NULL,NULL,NULL,NULL,6),
	('MZAFDS95D47Z318Y','FRIDAOS   ','MAZU','F',4,'PARIGI','1960-10-21','Z000','VIA U. MADDALENA 2A','VERONA','37267',23,'N','3391111278','email168@gmail.com','123456956',3,0,'2015-10-30',NULL,NULL,NULL,NULL,NULL,NULL,1),
	('MZZGPP62C59B296M','GIUSEPPINA   ','MAZZURANA','F',4,'PARIGI','1960-05-11','Z000','VIA Q.FILOPANTI 16','VERONA','37104',23,'S','3391111115','email05@gmail.com','123456793',12,0,'2015-05-20',NULL,NULL,NULL,NULL,NULL,NULL,6),
	('NDCMVS90T58Z318X','MAVIS   ','NDA ACKAH','F',4,'PARIGI','1960-08-13','Z000','VIA A.CARISIO 18','VERONA','37198',23,'S','3391111209','email99@gmail.com','123456887',3,0,'2015-08-22',NULL,NULL,NULL,NULL,NULL,NULL,1),
	('NDCNNA01E68Z318T','ANNA   ','NDA ACKAH','F',4,'PARIGI','1960-08-15','Z000','VIA A.CARISIO 18','VERONA','37200',23,'S','3391111211','email101@gmail.com','123456889',12,0,'2015-08-24',NULL,NULL,NULL,NULL,NULL,NULL,7),
	('NDCPLN92A63Z318T','PAULINA   ','NDA ACKAH','F',4,'PARIGI','1960-08-14','Z000','VIA A.CARISIO 18','VERONA','37199',23,'N','3391111210','email100@gmail.com','123456888',11,0,'2015-08-23',NULL,NULL,NULL,NULL,NULL,NULL,6),
	('NDCSPH58P29Z318Z','STEPHEN   ','NDA ACKAH','M',4,'PARIGI','1960-08-12','Z000','VIA A.CARISIO 18','VERONA','37197',23,'N','3391111208','email98@gmail.com','123456886',2,0,'2015-08-21',NULL,NULL,NULL,NULL,NULL,NULL,7),
	('NGGPLA69H43C286M','PAOLA   ','INGOGLIA','F',4,'PARIGI','1960-06-06','Z000','VIA VILLA GLORI 4','VERONA','37130',23,'S','3391111141','email31@gmail.com','123456819',12,0,'2015-06-15',NULL,NULL,NULL,NULL,NULL,NULL,7),
	('NKDBSM95R46L781V','BASNA   ','ANKOUD','F',4,'PARIGI','1960-06-19','Z000','VIALE DELL INDUSTRIA 2','VERONA','37143',23,'N','3391111154','email44@gmail.com','123456832',2,0,'2015-06-28',NULL,NULL,NULL,NULL,NULL,NULL,7),
	('NKDMTP52A01Z330B','MUSTAPHA   ','ANKOUD','M',4,'PARIGI','1960-06-18','Z000','VIALE DELL INDUSTRIA 2','VERONA','37142',23,'S','3391111153','email43@gmail.com','123456831',1,0,'2015-06-27',NULL,NULL,NULL,NULL,NULL,NULL,6),
	('NKDNSS00B53L781Z','INASSE   ','ANKOUD','F',4,'PARIGI','1960-06-20','Z000','VIALE DELL INDUSTRIA 2','VERONA','37144',23,'S','3391111155','email45@gmail.com','123456833',3,0,'2015-06-29',NULL,NULL,NULL,NULL,NULL,NULL,1),
	('NKDTRO62M57Z330P','TOURIA   ','ANKOUD','F',4,'PARIGI','1960-06-15','Z000','VIALE DELL INDUSTRIA 2','VERONA','37139',23,'N','3391111150','email40@gmail.com','123456828',3,0,'2015-06-24',NULL,NULL,NULL,NULL,NULL,NULL,6),
	('NSLDRN53H63A540R','ADRIANA   ','ANSELMI','F',4,'PARIGI','1960-07-01','Z000','VIA I.PINDEMONTE 24','S.MARTINO B.A','37155',23,'N','3391111166','email56@gmail.com','123456844',3,0,'2015-07-10',NULL,NULL,NULL,NULL,NULL,NULL,7),
	('NWGBJM90L28Z335D','BENJAMIN   ','NWAGURU','M',4,'PARIGI','1960-05-24','Z000','VIA A.CANOBBIO 14','VERONA','37117',23,'N','3391111128','email18@gmail.com','123456806',2,0,'2015-06-02',NULL,NULL,NULL,NULL,NULL,NULL,7),
	('NWGBSS97R17Z335I','BLESSING   ','NWAGURU','M',4,'PARIGI','1960-05-23','Z000','VIA A.CANOBBIO 14','VERONA','37116',23,'S','3391111127','email17@gmail.com','123456805',1,0,'2015-06-01',NULL,NULL,NULL,NULL,NULL,NULL,6),
	('NWGDTH60H57Z335B','DOROTHY IHUOMA  ','NWAGURU','F',4,'PARIGI','1960-05-22','Z000','VIA A.CANOBBIO 14','VERONA','37115',23,'N','3391111126','email16@gmail.com','123456804',1,0,'2015-05-31',NULL,NULL,NULL,NULL,NULL,NULL,1),
	('NWGJPH57H20Z335I','JOSEPH SUNDAY  ','NWAGURU','M',4,'PARIGI','1960-05-21','Z000','VIA A.CANOBBIO 14','VERONA','37114',23,'S','3391111125','email15@gmail.com','123456803',12,0,'2015-05-30',NULL,NULL,NULL,NULL,NULL,NULL,7),
	('NWGJPH89P05Z335M','JOSEPH UGO  ','NWAGURU','M',4,'PARIGI','1960-05-26','Z000','VIA A.CANOBBIO 14','VERONA','37119',23,'S','3391111130','email20@gmail.com','123456808',11,0,'2015-06-04',NULL,NULL,NULL,NULL,NULL,NULL,1),
	('NWHDNL94D27Z335I','DANIEL   ','NWAGURU','M',4,'PARIGI','1960-05-25','Z000','VIA A.CANOBBIO 14','VERONA','37118',23,'S','3391111129','email19@gmail.com','123456807',3,0,'2015-06-03',NULL,NULL,NULL,NULL,NULL,NULL,1),
	('PBRLBV57L53Z138X','LYUBOV   ','POBIRASHCHENKO','F',4,'PARIGI','1960-07-09','Z000','VIA G.MURARI BRA\' 38','VERONA','37163',23,'S','3391111174','email64@gmail.com','123456852',1,0,'2015-07-18',NULL,NULL,NULL,NULL,NULL,NULL,1),
	('PCRLSS08L21G789J','ALESSIO   ','PICARI','M',4,'PARIGI','1960-09-22','Z000','VIA CEFALONIA 5 INT.5','VERONA','37238',23,'S','3391111249','email139@gmail.com','123456927',1,0,'2015-10-01',NULL,NULL,NULL,NULL,NULL,NULL,7),
	('PCRNHM75S67Z100I','NEXHMIJE   ','PICARI','F',4,'PARIGI','1960-09-21','Z000','VIA CEFALONIA 5 INT.5','VERONA','37237',23,'N','3391111248','email138@gmail.com','123456926',12,0,'2015-09-30',NULL,NULL,NULL,NULL,NULL,NULL,6),
	('PHRMYV66A49Z318S','MARY VIDA  ','EPHRAIM','F',4,'PARIGI','1960-11-11','Z000','VIA DEL COMBATTENTE 16/A','NEGRAR','37288',23,'S','3391111299','email189@gmail.com','123456977',3,0,'2015-11-20',NULL,NULL,NULL,NULL,NULL,NULL,7),
	('PMRMHL13E49L781G','MICHELLE   ','POMARI','F',4,'PARIGI','1960-09-28','Z000','VIA D.CIMAROSA 1A','VERONA','37244',23,'S','3391111255','email145@gmail.com','123456933',1,0,'2015-10-07',NULL,NULL,NULL,NULL,NULL,NULL,7),
	('PMRMSM70R28L781L','MASSIMO   ','POMARI','M',4,'PARIGI','1960-09-27','Z000','VIA D.CIMAROSA 1A','VERONA','37243',23,'N','3391111254','email144@gmail.com','123456932',1,0,'2015-10-06',NULL,NULL,NULL,NULL,NULL,NULL,6),
	('PRNFRC00D41L781Z','FEDERICA   ','PRANDO','F',4,'PARIGI','1960-05-10','Z000','VIA DEL TRICOLORE 8','VERONA','37103',23,'N','3391111114','email04@gmail.com','123456792',11,0,'2015-05-16',NULL,NULL,NULL,NULL,NULL,NULL,1),
	('PRNVNC91P70M172K','VERONICA   ','PERONI','F',4,'PARIGI','1960-05-09','Z000','VIA DEL TRICOLORE 8','VERONA','37102',23,'S','3391111113','email03@gmail.com','QUINTO',3,0,'2015-05-16',NULL,NULL,NULL,NULL,'2015-01-01',NULL,7),
	('PSVLRA47H60L781W','LAURA   ','PESAVENTO','F',4,'PARIGI','1960-11-06','Z000','VIA PIGNA 19','VERONA','37283',23,'N','3391111294','email184@gmail.com','123456972',3,0,'2015-11-15',NULL,NULL,NULL,NULL,NULL,NULL,1),
	('PVNRMN27H43G481Z','ERMINIA   ','PAVONI','F',4,'PARIGI','1960-10-13','Z000','VIA DEL PERLAR 58','VERONA','37259',23,'S','3391111270','email160@gmail.com','123456948',1,0,'2015-10-22',NULL,NULL,NULL,NULL,NULL,NULL,6),
	('RCCBRN38E44L781G','BRUNA   ','RACCANELLI','F',4,'PARIGI','1960-09-29','Z000','VIA D.CIMAROSA 1A','VERONA','37245',23,'S','3391111256','email146@gmail.com','123456934',2,0,'2015-10-08',NULL,NULL,NULL,NULL,NULL,NULL,1),
	('RDOBLF85D11Z330W','ABDELFATAH   ','OUARDI','M',4,'PARIGI','1960-05-17','Z000','VIA BRIGATA ACQUI 1/B','VERONA','37110',23,'S','3391111121','email11@gmail.com','123456799',1,0,'2015-05-26',NULL,NULL,NULL,NULL,NULL,NULL,6),
	('RDOBLH89P24Z330I','ABDELHAK   ','OUARDI','M',4,'PARIGI','1960-05-16','Z000','VIA BRIGATA ACQUI 1/B','VERONA','37109',23,'N','3391111120','email10@gmail.com','123456798',12,0,'2015-05-25',NULL,NULL,NULL,NULL,NULL,NULL,1),
	('RDOLRB55C24Z330I','LARBI   ','OUARDI','M',4,'PARIGI','1960-05-15','Z000','VIA BRIGATA ACQUI 1/B','VERONA','37108',23,'N','3391111119','email09@gmail.com','123456797',11,0,'2015-05-24',NULL,NULL,NULL,NULL,NULL,NULL,7),
	('RGHCNZ66P54L781W','CINZIA   ','RIGHETTI','F',4,'PARIGI','1960-08-31','Z000','VIA SELINUNTE 53','VERONA','37216',23,'S','3391111227','email117@gmail.com','123456905',12,0,'2015-09-09',NULL,NULL,NULL,NULL,NULL,NULL,7),
	('RMNLNE78L44Z140R','ELENA   ','ROMAN','F',4,'PARIGI','1960-09-30','Z000','VIA D.CIMAROSA 1A','VERONA','37246',23,'S','3391111257','email147@gmail.com','123456935',3,0,'2015-10-09',NULL,NULL,NULL,NULL,NULL,NULL,6),
	('SKMMJD00M08L781U','MAJDI   ','SAKAAMA','M',4,'PARIGI','1960-11-01','Z000','VIA CAPODISTRIA 7','VERONA','37278',23,'S','3391111289','email179@gmail.com','123456967',3,0,'2015-11-10',NULL,NULL,NULL,NULL,NULL,NULL,6),
	('SKMMLK99H29L781Q','MALEK   ','SAKAAMA','M',4,'PARIGI','1960-11-02','Z000','VIA CAPODISTRIA 7','VERONA','37279',23,'N','3391111290','email180@gmail.com','123456968',11,0,'2015-11-11',NULL,NULL,NULL,NULL,NULL,NULL,7),
	('SKMMZR63P18Z352T','MEZRI   ','SAKAAMA','M',4,'PARIGI','1960-10-31','Z000','VIA CAPODISTRIA 7','VERONA','37277',23,'N','3391111288','email178@gmail.com','123456966',2,0,'2015-11-09',NULL,NULL,NULL,NULL,NULL,NULL,1),
	('SKMNDR08L10L781Y','NADIR   ','SAKAAMA','M',4,'PARIGI','1960-11-03','Z000','VIA CAPODISTRIA 7','VERONA','37280',23,'S','3391111291','email181@gmail.com','123456969',12,0,'2015-11-12',NULL,NULL,NULL,NULL,NULL,NULL,1),
	('SKMRYN04R29L781K','RAYEN   ','SAKAAMA','M',4,'PARIGI','1960-11-04','Z000','VIA CAPODISTRIA 7','VERONA','37281',23,'N','3391111292','email182@gmail.com','123456970',1,0,'2015-11-13',NULL,NULL,NULL,NULL,NULL,NULL,6),
	('SMNBLM07C04L781P','ABDULMUKSIT MAZU  ','OSUMANU','M',4,'PARIGI','1960-10-18','Z000','VIA U. MADDALENA 2A','VERONA','37264',23,'S','3391111275','email165@gmail.com','123456953',12,0,'2015-10-27',NULL,NULL,NULL,NULL,NULL,NULL,1),
	('SMNMZA62A18Z318N','MAZU   ','OSUMANU','M',4,'PARIGI','1960-10-17','Z000','VIA U. MADDALENA 2A','VERONA','37263',23,'N','3391111274','email164@gmail.com','123456952',11,0,'2015-10-26',NULL,NULL,NULL,NULL,NULL,NULL,7),
	('SMNNRM02L23L781Z','ANWAAR MAZU  ','OSUMANU','M',4,'PARIGI','1960-10-19','Z000','VIA U. MADDALENA 2A','VERONA','37265',23,'N','3391111276','email166@gmail.com','123456954',1,0,'2015-10-28',NULL,NULL,NULL,NULL,NULL,NULL,6),
	('SMNRTM72D68Z318I','RABIATU MAZU  ','OSUMANU','F',4,'PARIGI','1960-10-16','Z000','VIA U. MADDALENA 2A','VERONA','37262',23,'N','3391111273','email163@gmail.com','123456951',3,0,'2015-10-25',NULL,NULL,NULL,NULL,NULL,NULL,6),
	('SMNRZT98P65L781I','RAMZIAT MAZU  ','OSUMANU','F',4,'PARIGI','1960-10-20','Z000','VIA U. MADDALENA 2A','VERONA','37266',23,'S','3391111277','email167@gmail.com','123456955',2,0,'2015-10-29',NULL,NULL,NULL,NULL,NULL,NULL,7),
	('SMWMCL76T25Z335S','MARCEL   ','OSAMWEYOBO','M',4,'PARIGI','1960-08-27','Z000','VIA VILLAFRANCA 61','VERONA','37212',23,'S','3391111223','email113@gmail.com','123456901',1,0,'2015-09-05',NULL,NULL,NULL,NULL,NULL,NULL,7),
	('SMWSDS08S10L781S','OSAMEDE ISAIAH  ','OSAMWEYOBO','M',4,'PARIGI','1960-08-28','Z000','VIA VILLAFRANCA 61','VERONA','37213',23,'N','3391111224','email114@gmail.com','123456902',2,0,'2015-09-06',NULL,NULL,NULL,NULL,NULL,NULL,1),
	('SMWSGC03S19L781Z','OSASOGIE CLINTON  ','OSAMWEYOBO','M',4,'PARIGI','1960-08-29','Z000','VIA VILLAFRANCA 61','VERONA','37214',23,'S','3391111225','email115@gmail.com','123456903',3,0,'2015-09-07',NULL,NULL,NULL,NULL,NULL,NULL,1),
	('SMWSHM00L52F861I','OSATOHAMWEN MIRACLE  ','OSAMWEYOBO','F',4,'PARIGI','1960-08-30','Z000','VIA VILLAFRANCA 61','VERONA','37215',23,'N','3391111226','email116@gmail.com','123456904',11,0,'2015-09-08',NULL,NULL,NULL,NULL,NULL,NULL,6),
	('SPSFLR83P68F839H','FLORA   ','ESPOSITO','F',4,'PARIGI','1960-10-08','Z000','VIA DEL PERLAR 52','VERONA','37254',23,'S','3391111265','email155@gmail.com','123456943',1,0,'2015-10-17',NULL,NULL,NULL,NULL,NULL,NULL,7),
	('SRDBDR00A19L781R','BADER   ','SEREDDINE','M',4,'PARIGI','1960-07-16','Z000','VIA G.DEL CARRETTO 58','VERONA','37170',23,'S','3391111181','email71@gmail.com','123456859',2,0,'2015-07-25',NULL,NULL,NULL,NULL,NULL,NULL,6),
	('SRDMLA08C57L781U','AMAL   ','SEREDDINE','F',4,'PARIGI','1960-07-14','Z000','VIA G.DEL CARRETTO 58','VERONA','37168',23,'S','3391111179','email69@gmail.com','123456857',12,0,'2015-07-23',NULL,NULL,NULL,NULL,NULL,NULL,7),
	('SRDMLK57A41Z330T','MALIKA   ','SEREDDINE','F',4,'PARIGI','1960-07-28','Z000','VIA G.MURARI BRA\' 26','VERONA','37182',23,'S','3391111193','email83@gmail.com','123456871',3,0,'2015-08-06',NULL,NULL,NULL,NULL,NULL,NULL,1),
	('SRDMMD66A01Z330X','MOHAMED   ','SEREDDINE','M',4,'PARIGI','1960-07-13','Z000','VIA G.DEL CARRETTO 58','VERONA','37167',23,'N','3391111178','email68@gmail.com','123456856',11,0,'2015-07-22',NULL,NULL,NULL,NULL,NULL,NULL,6),
	('SRDMRM97D64L781Y','MARIAM   ','SEREDDINE','F',4,'PARIGI','1960-07-17','Z000','VIA G.DEL CARRETTO 58','VERONA','37171',23,'N','3391111182','email72@gmail.com','123456860',3,0,'2015-07-26',NULL,NULL,NULL,NULL,NULL,NULL,7),
	('SRDYMN06A63L781S','YASMINE   ','SEREDDINE','F',4,'PARIGI','1960-07-15','Z000','VIA G.DEL CARRETTO 58','VERONA','37169',23,'N','3391111180','email70@gmail.com','123456858',1,0,'2015-07-24',NULL,NULL,NULL,NULL,NULL,NULL,1),
	('SRDZZA60A41Z330K','AZIZA   ','SEREDDINE','F',4,'PARIGI','1960-07-18','Z000','VIA G.DEL CARRETTO 58','VERONA','37172',23,'S','3391111183','email73@gmail.com','123456861',11,0,'2015-07-27',NULL,NULL,NULL,NULL,NULL,NULL,1),
	('SRRLCN33M57L781W','LUCIANA   ','SERRA','F',4,'PARIGI','1960-06-22','Z000','CORSO MILANO 19','VERONA','37146',23,'S','3391111157','email47@gmail.com','123456835',12,0,'2015-07-01',NULL,NULL,NULL,NULL,NULL,NULL,7),
	('SRTDMN10A20L781N','DESMOND   ','OSARETIN','M',4,'PARIGI','1960-10-27','Z000','VIA S. TOSCANA 7','VERONA','37273',23,'S','3391111284','email174@gmail.com','123456962',11,0,'2015-11-05',NULL,NULL,NULL,NULL,NULL,NULL,7),
	('SRTTSY06D67L781P','TESSY   ','OSARETIN','F',4,'PARIGI','1960-10-28','Z000','VIA S. TOSCANA 7','VERONA','37274',23,'S','3391111285','email175@gmail.com','123456963',12,0,'2015-11-06',NULL,NULL,NULL,NULL,NULL,NULL,1),
	('SSFBLL66H15Z330R','ABDELLATIF   ','ASSFOURI','M',4,'PARIGI','1960-05-28','Z000','VIA CACCIATORI PIEMONTESI 9','VERONA','37121',23,'S','3391111132','email22@gmail.com','123456810',1,0,'2015-06-06',NULL,NULL,NULL,NULL,NULL,NULL,7),
	('SSFYMN06A60L781T','YASMINE   ','ASSFOURI','F',4,'PARIGI','1960-05-29','Z000','VIA CACCIATORI PIEMONTESI 9','VERONA','37122',23,'N','3391111133','email23@gmail.com','123456811',2,0,'2015-06-07',NULL,NULL,NULL,NULL,NULL,NULL,1),
	('SSFYSF12P10L781X','YOUSSEF   ','ASSFOURI','M',4,'PARIGI','1960-05-30','Z000','VIA CACCIATORI PIEMONTESI 9','VERONA','37123',23,'N','3391111134','email24@gmail.com','123456812',3,0,'2015-06-08',NULL,NULL,NULL,NULL,NULL,NULL,6),
	('SVJGPL47L30L781E','GIAMPAOLO   ','SAVOJA','M',4,'PARIGI','1960-11-07','Z000','VIA PIGNA 19','VERONA','37284',23,'S','3391111295','email185@gmail.com','123456973',11,0,'2015-11-16',NULL,NULL,NULL,NULL,NULL,NULL,6),
	('TCCMSM36B02C078A','MASSIMINO   ','TACCONI','M',4,'PARIGI','1960-11-08','Z000','VIALE DELLA FIERA 6','VERONA','37285',23,'N','3391111296','email186@gmail.com','123456974',12,0,'2015-11-17',NULL,NULL,NULL,NULL,NULL,NULL,7),
	('THRBLM61H30Z330P','ABDELMJID   ','TAHOUR','M',4,'PARIGI','1960-08-08','Z000','VIA C.A.DALLA CHIESA 40','VERONA','37193',23,'N','3391111204','email94@gmail.com','123456882',11,0,'2015-08-17',NULL,NULL,NULL,NULL,NULL,NULL,7),
	('THRCHA00S66Z330O','AICHA   ','TAHOUR','F',4,'PARIGI','1960-08-09','Z000','VIA C.A.DALLA CHIESA 40','VERONA','37194',23,'S','3391111205','email95@gmail.com','123456883',12,0,'2015-08-18',NULL,NULL,NULL,NULL,NULL,NULL,1),
	('THRSMA93S63Z330U','ASMAA   ','TAHOUR','F',4,'PARIGI','1960-08-10','Z000','VIA C.A.DALLA CHIESA 40','VERONA','37195',23,'N','3391111206','email96@gmail.com','123456884',1,0,'2015-08-19',NULL,NULL,NULL,NULL,NULL,NULL,1),
	('TMSHMZ95M01Z330M','HAMZA   ','AIT MOUSSA','M',4,'PARIGI','1960-07-22','Z000','VIA CAVALCHINA 9','VERONA','37176',23,'S','3391111187','email77@gmail.com','123456865',3,0,'2015-07-31',NULL,NULL,NULL,NULL,NULL,NULL,1),
	('TMSMCN99P09Z330C','MOUHCINE   ','AIT MOUSSA','M',4,'PARIGI','1960-07-23','Z000','VIA CAVALCHINA 9','VERONA','37177',23,'S','3391111188','email78@gmail.com','123456866',11,0,'2015-08-01',NULL,NULL,NULL,NULL,NULL,NULL,6),
	('TMSMNL05D55Z330S','MANAL   ','AIT MOUSSA','F',4,'PARIGI','1960-07-24','Z000','VIA CAVALCHINA 9','VERONA','37178',23,'N','3391111189','email79@gmail.com','123456867',12,0,'2015-08-02',NULL,NULL,NULL,NULL,NULL,NULL,7),
	('TMSNJT68L67Z330V','MOUSSA NAJATE  ','AIT','F',4,'PARIGI','1960-08-07','Z000','VIA C.A.DALLA CHIESA 40','VERONA','37192',23,'N','3391111203','email93@gmail.com','123456881',3,0,'2015-08-16',NULL,NULL,NULL,NULL,NULL,NULL,6),
	('TMSRHD66M18Z330O','RACHID   ','AIT MOUSSA','M',4,'PARIGI','1960-07-21','Z000','VIA CAVALCHINA 9','VERONA','37175',23,'S','3391111186','email76@gmail.com','123456864',2,0,'2015-07-30',NULL,NULL,NULL,NULL,NULL,NULL,1),
	('VRIDTR98C01Z140O','DUMITRU   ','VIERU','M',4,'PARIGI','1960-05-19','Z000','VIA CHIODA 97','VERONA','37112',23,'S','3391111123','email13@gmail.com','123456801',3,0,'2015-05-28',NULL,NULL,NULL,NULL,NULL,NULL,1),
	('VRIMHL97A64Z140E','MIHAELA   ','VIERU','F',4,'PARIGI','1960-05-20','Z000','VIA CHIODA 97','VERONA','37113',23,'N','3391111124','email14@gmail.com','123456802',11,0,'2015-05-29',NULL,NULL,NULL,NULL,NULL,NULL,6),
	('VRINGL76E47Z140M','ANGELA   ','VIERU','F',4,'PARIGI','1960-05-18','Z000','VIA CHIODA 97','VERONA','37111',23,'N','3391111122','email12@gmail.com','123456800',2,0,'2015-05-27',NULL,NULL,NULL,NULL,NULL,NULL,7),
	('WRDMMD05E04Z352P','MOHAMED RAYENE  ','WARDIANE','M',4,'PARIGI','1960-11-19','Z000','VIA MARZANE 8','FUMANE','37296',23,'S','3391111307','email197@gmail.com','123456985',12,0,'2015-11-28',NULL,NULL,NULL,NULL,NULL,NULL,1),
	('WRDNHN02P62Z352S','NOURHENE   ','WARDIANE','F',4,'PARIGI','1960-11-18','Z000','VIA MARZANE 8','FUMANE','37295',23,'N','3391111306','email196@gmail.com','123456984',11,0,'2015-11-27',NULL,NULL,NULL,NULL,NULL,NULL,7),
	('WRDSLH74L25Z352O','SALAH   ','WARDIANE','M',4,'PARIGI','1960-11-17','Z000','VIA MARZANE 8','FUMANE','37294',23,'S','3391111305','email195@gmail.com','123456983',3,0,'2015-11-26',NULL,NULL,NULL,NULL,NULL,NULL,6),
	('WREJPH69P47Z335H','JOSEPHINE   ','EWERE','F',4,'PARIGI','1960-08-26','Z000','VIA VILLAFRANCA 61','VERONA','37211',23,'N','3391111222','email112@gmail.com','123456900',1,0,'2015-09-04',NULL,NULL,NULL,NULL,NULL,NULL,6),
	('WRKSMR60R65Z209H','PRERA SRIMATHI COSTANS ','WIRAKON','F',4,'PARIGI','1960-08-03','Z000','VIA SCUDERLANDO 172','VERONA','37188',23,'S','3391111199','email89@gmail.com','123456877',11,0,'2015-08-12',NULL,NULL,NULL,NULL,NULL,NULL,1),
	('WRNMND11M57L781P','TUKAPPULAGE MARINA DUL ','WARNAKULASOORIYA','F',4,'PARIGI','1960-09-02','Z000','S.NE S.LUCIA 8/A','VERONA','37218',23,'S','3391111229','email119@gmail.com','123456907',2,0,'2015-09-11',NULL,NULL,NULL,NULL,NULL,NULL,6),
	('WRNMYR62S41Z209O','MARY ROSE PUSHPARANI ','WARNAKULASURIYA','F',4,'PARIGI','1960-09-07','Z000','VIA CENTRO 39','VERONA','37223',23,'N','3391111234','email124@gmail.com','123456912',2,0,'2015-09-16',NULL,NULL,NULL,NULL,NULL,NULL,1),
	('WRNSLR66R12Z209C','TUKAPPULAGE SUSIL RANJ ','WARNAKULASOORIYA','M',4,'PARIGI','1960-09-03','Z000','S.NE S.LUCIA 8/A','VERONA','37219',23,'S','3391111230','email120@gmail.com','123456908',3,0,'2015-09-12',NULL,NULL,NULL,NULL,NULL,NULL,7),
	('WSDBSH96H12Z209M','GAMAGE DON ABHISHAKE PIYARELLO','WISIDA','M',4,'PARIGI','1960-08-06','Z000','VIA SCUDERLANDO 172','VERONA','37191',23,'S','3391111202','email92@gmail.com','123456880',2,0,'2015-08-15',NULL,NULL,NULL,NULL,NULL,NULL,1),
	('WSDJPH59M10Z209D','GAMAGE DON JOSEPH ANTONY','WISIDA','M',4,'PARIGI','1960-08-04','Z000','VIA SCUDERLANDO 172','VERONA','37189',23,'S','3391111200','email90@gmail.com','123456878',12,0,'2015-08-13','2015-11-26',NULL,NULL,NULL,NULL,NULL,6),
	('WSDJSC90T68Z209Z','GAMAGE DON JESSICA PRIYADARSHANI','WISIDA','F',4,'PARIGI','1960-08-05','Z000','VIA SCUDERLANDO 172','VERONA','37190',23,'S','3391111201','email91@gmail.com','123456879',1,0,'2015-08-14',NULL,NULL,NULL,NULL,NULL,NULL,7),
	('xxxxxxxxxxxxxxx','SOFIA   ','ANKOUD','F',4,'PARIGI','1960-06-21','Z000','VIALE DELL INDUSTRIA 2','VERONA','37145',23,'N','3391111156','email46@gmail.com','123456834',11,0,'2015-06-30',NULL,NULL,NULL,NULL,NULL,NULL,6),
	('YLLJMS80E05Z318V','JAMES   ','YALLEY','M',4,'PARIGI','1960-11-09','Z000','VIA DEL COMBATTENTE 16/A','NEGRAR','37286',23,'S','3391111297','email187@gmail.com','123456975',1,0,'2015-11-18',NULL,NULL,NULL,NULL,NULL,NULL,1),
	('YLLJPH69H21Z318X','JOSEPH   ','YALLEY','M',4,'PARIGI','1960-11-10','Z000','VIA DEL COMBATTENTE 16/A','NEGRAR','37287',23,'S','3391111298','email188@gmail.com','123456976',2,0,'2015-11-19',NULL,NULL,NULL,NULL,NULL,NULL,6),
	('ZBJBSO70D67Z335L','BOSE   ','AIZEBOJE','F',4,'PARIGI','1960-09-23','Z000','VIA DOGANA 16','S.GIOVANNI LUPATOTO','37239',23,'N','3391111250','email140@gmail.com','123456928',2,0,'2015-10-02',NULL,NULL,NULL,NULL,NULL,NULL,1),
	('ZGHLLE81H64Z352D','LEILA   ','ZEGHIDI','F',4,'PARIGI','1960-10-30','Z000','VIA CAPODISTRIA 7','VERONA','37276',23,'N','3391111287','email177@gmail.com','123456965',1,0,'2015-11-08',NULL,NULL,NULL,NULL,NULL,NULL,7),
	('ZHNKDJ97D44Z330E','KHADIJA   ','ZHANI','F',4,'PARIGI','1960-08-22','Z000','VIA A.RIGHI 9/B','VERONA','37207',23,'N','3391111218','email108@gmail.com','123456896',2,0,'2015-08-31',NULL,NULL,NULL,NULL,NULL,NULL,1),
	('ZHNKRT89T60Z330U','KAWTAR   ','ZHANI','F',4,'PARIGI','1960-08-24','Z000','VIA A.RIGHI 9/B','VERONA','37209',23,'N','3391111220','email110@gmail.com','123456898',11,0,'2015-09-02',NULL,NULL,NULL,NULL,NULL,NULL,7),
	('ZHNLRB65A01Z330X','LARBI   ','ZHANI','M',4,'PARIGI','1960-08-21','Z000','VIA A.RIGHI 9/B','VERONA','37206',23,'N','3391111217','email107@gmail.com','123456895',1,0,'2015-08-30',NULL,NULL,NULL,NULL,NULL,NULL,7),
	('ZHNNJW98P57Z330O','NAJWA   ','ZHANI','F',4,'PARIGI','1960-08-23','Z000','VIA A.RIGHI 9/B','VERONA','37208',23,'S','3391111219','email109@gmail.com','123456897',3,0,'2015-09-01',NULL,NULL,NULL,NULL,NULL,NULL,6);

/*!40000 ALTER TABLE `ASSISTITI` ENABLE KEYS */;
UNLOCK TABLES;


# Dump of table DOCUMENTS
# ------------------------------------------------------------

DROP TABLE IF EXISTS `DOCUMENTS`;

CREATE TABLE `DOCUMENTS` (
  `documentId` int(11) unsigned NOT NULL AUTO_INCREMENT,
  `courseId` int(11) DEFAULT NULL,
  `moduleId` int(11) DEFAULT NULL,
  `name` varchar(128) DEFAULT NULL,
  `documentpath` varchar(255) DEFAULT NULL,
  PRIMARY KEY (`documentId`)
) ENGINE=InnoDB AUTO_INCREMENT=10 DEFAULT CHARSET=latin1;

LOCK TABLES `DOCUMENTS` WRITE;
/*!40000 ALTER TABLE `DOCUMENTS` DISABLE KEYS */;

INSERT INTO `DOCUMENTS` (`documentId`, `courseId`, `moduleId`, `name`, `documentpath`)
VALUES
	(1,2,4,'test doc for module 1','documents/2/4/Success_Page_WhitePaper_Custom_Software_Riddle.pdf'),
	(2,4,6,'test doc for module 1','documents/2/4/Success_Page_WhitePaper_Custom_Software_Riddle.pdf'),
	(3,4,9,'Pinocchio','documents/4/9/Success_Page_Report_Omnibus_Survey.pdf'),
	(4,5,13,'test doc for module 1','documents/2/4/Success_Page_WhitePaper_Custom_Software_Riddle.pdf'),
	(5,5,15,'Pinocchio','documents/4/9/Success_Page_Report_Omnibus_Survey.pdf'),
	(7,6,19,'Pinocchio','documents/4/9/Success_Page_Report_Omnibus_Survey.pdf'),
	(8,6,18,'test update','documents/6/18/NPV_process_flow.jpg'),
	(9,4,6,'test delete','documents/4/6/NPV_process_flow.jpg');

/*!40000 ALTER TABLE `DOCUMENTS` ENABLE KEYS */;
UNLOCK TABLES;


# Dump of table ECCEDENZE
# ------------------------------------------------------------

DROP TABLE IF EXISTS `ECCEDENZE`;

CREATE TABLE `ECCEDENZE` (
  `id` int(11) unsigned NOT NULL AUTO_INCREMENT,
  `ente_cedente` int(11) NOT NULL COMMENT 'FK enti',
  `prodotto` varchar(255) NOT NULL DEFAULT '',
  `udm` int(11) NOT NULL COMMENT 'FK uni_misura',
  `qta` int(11) NOT NULL,
  `scadenza` date NOT NULL,
  `timestamp` datetime NOT NULL,
  `operatore` varchar(32) NOT NULL DEFAULT '' COMMENT 'FK username',
  PRIMARY KEY (`id`),
  KEY `ente_cedente` (`ente_cedente`)
) ENGINE=InnoDB AUTO_INCREMENT=8 DEFAULT CHARSET=utf8;

LOCK TABLES `ECCEDENZE` WRITE;
/*!40000 ALTER TABLE `ECCEDENZE` DISABLE KEYS */;

INSERT INTO `ECCEDENZE` (`id`, `ente_cedente`, `prodotto`, `udm`, `qta`, `scadenza`, `timestamp`, `operatore`)
VALUES
	(1,2,'Blocchi di granito',7,18,'2015-11-23','2015-11-14 15:46:38','alberto.mognoni'),
	(2,2,'Banane dritte',1,100,'2015-11-30','2015-11-14 16:13:40','alberto.mognoni'),
	(3,12,'test',1,200,'2015-11-30','2015-11-16 09:44:21','alberto.mognoni'),
	(4,1,'Cannolicchi',1,100,'2015-11-30','2015-11-16 09:44:21','g.minardi'),
	(5,1,'Munizioni calibro .38',8,200,'2015-11-22','2015-11-16 09:52:26','g.minardi'),
	(6,2,'Bulloni di cioccolato fondente, confezione da 200 gr.',7,128,'2015-11-16','2015-11-16 11:00:34','alberto.mognoni'),
	(7,12,'Vasetti di yogurt bianco da 500 gr.',7,500,'2015-11-22','2015-11-18 21:23:13','acliverona');

/*!40000 ALTER TABLE `ECCEDENZE` ENABLE KEYS */;
UNLOCK TABLES;


# Dump of table ENTI
# ------------------------------------------------------------

DROP TABLE IF EXISTS `ENTI`;

CREATE TABLE `ENTI` (
  `id` int(11) unsigned NOT NULL AUTO_INCREMENT,
  `descrizione` varchar(32) NOT NULL DEFAULT '',
  `responsabile` varchar(50) DEFAULT NULL,
  `resp_email` varchar(50) DEFAULT NULL,
  `resp_phone` varchar(10) DEFAULT NULL,
  `provincia_ente` int(2) DEFAULT NULL,
  `ente_emporio` tinyint(1) NOT NULL,
  PRIMARY KEY (`id`)
) ENGINE=InnoDB AUTO_INCREMENT=13 DEFAULT CHARSET=utf8;

LOCK TABLES `ENTI` WRITE;
/*!40000 ALTER TABLE `ENTI` DISABLE KEYS */;

INSERT INTO `ENTI` (`id`, `descrizione`, `responsabile`, `resp_email`, `resp_phone`, `provincia_ente`, `ente_emporio`)
VALUES
	(1,'Caritas Verona','Martina Tommasi','martina.tommasi@acliverona.it','022135528',23,0),
	(2,'5020-EMPORIO','Fabrizio Meregalli','fabrizio.meregalli@5020.it','3387263636',23,1),
	(3,'Ronda della Carit','Martina Tommasi','martina.tommasi@acliverona.it','02334455',23,0),
	(11,'Caritas Rovigo','Martina Tommasi','martina.tommasi@acliverona.it','04088779',29,0),
	(12,'ACLI Verona','Martina Tommasi','martina.tommasi@acliverona.it','00223300',23,0);

/*!40000 ALTER TABLE `ENTI` ENABLE KEYS */;
UNLOCK TABLES;


# Dump of table GRADI_PARENTELA
# ------------------------------------------------------------

DROP TABLE IF EXISTS `GRADI_PARENTELA`;

CREATE TABLE `GRADI_PARENTELA` (
  `id` int(11) unsigned NOT NULL AUTO_INCREMENT,
  `descrizione` varchar(32) DEFAULT NULL,
  PRIMARY KEY (`id`)
) ENGINE=InnoDB AUTO_INCREMENT=8 DEFAULT CHARSET=utf8;

LOCK TABLES `GRADI_PARENTELA` WRITE;
/*!40000 ALTER TABLE `GRADI_PARENTELA` DISABLE KEYS */;

INSERT INTO `GRADI_PARENTELA` (`id`, `descrizione`)
VALUES
	(1,'Coniuge'),
	(2,'Figlio/a'),
	(3,'Nonno/a'),
	(4,'Zio/a'),
	(5,'Nipote'),
	(6,'Convivente'),
	(7,'Affine');

/*!40000 ALTER TABLE `GRADI_PARENTELA` ENABLE KEYS */;
UNLOCK TABLES;


# Dump of table GROUPS
# ------------------------------------------------------------

DROP TABLE IF EXISTS `GROUPS`;

CREATE TABLE `GROUPS` (
  `groupid` int(11) DEFAULT NULL,
  `groupname` varchar(50) CHARACTER SET utf8 DEFAULT NULL
) ENGINE=InnoDB DEFAULT CHARSET=latin1;

LOCK TABLES `GROUPS` WRITE;
/*!40000 ALTER TABLE `GROUPS` DISABLE KEYS */;

INSERT INTO `GROUPS` (`groupid`, `groupname`)
VALUES
	(1,'Amministratori Sistema'),
	(2,'Supervisori Ente'),
	(3,'Operatori Ente'),
	(4,'Operatori Regione');

/*!40000 ALTER TABLE `GROUPS` ENABLE KEYS */;
UNLOCK TABLES;


# Dump of table IMPEGNI
# ------------------------------------------------------------

DROP TABLE IF EXISTS `IMPEGNI`;

CREATE TABLE `IMPEGNI` (
  `id` int(11) unsigned NOT NULL AUTO_INCREMENT,
  `id_eccedenza` int(11) NOT NULL COMMENT 'FK eccedenze',
  `ente_richiedente` int(11) NOT NULL COMMENT 'FK enti',
  `qta_prenotata` int(11) NOT NULL,
  `data_ritiro` date NOT NULL,
  `ora_ritiro` varchar(5) DEFAULT NULL,
  `ritiro_effettuato` tinyint(1) DEFAULT NULL,
  `timestamp` datetime NOT NULL,
  `operatore` varchar(32) DEFAULT NULL COMMENT 'FK username',
  PRIMARY KEY (`id`)
) ENGINE=InnoDB AUTO_INCREMENT=12 DEFAULT CHARSET=utf8;

LOCK TABLES `IMPEGNI` WRITE;
/*!40000 ALTER TABLE `IMPEGNI` DISABLE KEYS */;

INSERT INTO `IMPEGNI` (`id`, `id_eccedenza`, `ente_richiedente`, `qta_prenotata`, `data_ritiro`, `ora_ritiro`, `ritiro_effettuato`, `timestamp`, `operatore`)
VALUES
	(1,2,1,20,'2015-12-31','10:00',1,'0000-00-00 00:00:00',NULL),
	(2,2,3,40,'2015-11-30','16:30',1,'0000-00-00 00:00:00','alberto.mognoni'),
	(3,3,2,27,'2015-11-21','11:00',0,'0000-00-00 00:00:00',NULL),
	(7,4,2,50,'2015-11-17','12:00',0,'2015-11-16 16:25:56','alberto.mognoni'),
	(8,5,2,200,'2015-11-22','10:00',0,'2015-11-16 17:57:13','alberto.mognoni'),
	(9,4,3,40,'2015-11-17','11:00',0,'2015-11-16 18:01:51','r.nono'),
	(10,7,2,100,'2015-11-28','12:00',0,'2015-11-18 21:24:54','alberto.mognoni'),
	(11,3,12,173,'2015-11-21','10:00',0,'2015-11-20 10:32:12','acliverona');

/*!40000 ALTER TABLE `IMPEGNI` ENABLE KEYS */;
UNLOCK TABLES;


# Dump of table INDICI_BISOGNO
# ------------------------------------------------------------

DROP TABLE IF EXISTS `INDICI_BISOGNO`;

CREATE TABLE `INDICI_BISOGNO` (
  `id` int(11) NOT NULL AUTO_INCREMENT,
  `isee_euro` int(11) DEFAULT NULL,
  `cc_euro` int(11) DEFAULT NULL,
  `ca_euro` int(11) DEFAULT NULL,
  `cs_euro` int(11) DEFAULT NULL,
  `stato_disoc` tinyint(4) DEFAULT NULL,
  `spese_imp` int(11) DEFAULT NULL,
  `urgenza` tinyint(4) DEFAULT NULL,
  `isee_punti` tinyint(4) DEFAULT NULL,
  `entrate_nc_punti` tinyint(4) DEFAULT NULL,
  `stato_disoc_punti` tinyint(4) DEFAULT NULL,
  `spese_imp_punti` tinyint(4) DEFAULT NULL,
  `urgenza_punti` tinyint(4) DEFAULT NULL,
  `totalepunti` tinyint(4) DEFAULT NULL,
  `cf_assistito_ib` varchar(16) NOT NULL,
  `data_inserimento` datetime DEFAULT NULL,
  `operatore` int(2) DEFAULT NULL,
  PRIMARY KEY (`id`),
  KEY `cf_assistito_ib` (`cf_assistito_ib`)
) ENGINE=InnoDB AUTO_INCREMENT=15 DEFAULT CHARSET=utf8;

LOCK TABLES `INDICI_BISOGNO` WRITE;
/*!40000 ALTER TABLE `INDICI_BISOGNO` DISABLE KEYS */;

INSERT INTO `INDICI_BISOGNO` (`id`, `isee_euro`, `cc_euro`, `ca_euro`, `cs_euro`, `stato_disoc`, `spese_imp`, `urgenza`, `isee_punti`, `entrate_nc_punti`, `stato_disoc_punti`, `spese_imp_punti`, `urgenza_punti`, `totalepunti`, `cf_assistito_ib`, `data_inserimento`, `operatore`)
VALUES
	(9,0,0,0,0,1,0,0,14,0,1,0,0,15,'BLLFZO63H51Z330D','2015-11-21 18:19:08',NULL),
	(10,0,0,0,0,1,0,0,14,0,1,0,0,15,'BNTGNI61L31M178S','2015-11-21 22:16:49',NULL),
	(11,5000,0,0,0,1,0,0,11,0,1,0,0,12,'BNNSDA81A41Z330S','2015-11-21 23:00:03',NULL),
	(12,1200,0,0,0,1,0,5,13,0,1,0,5,19,'BNCZZA79A64Z330O','2015-11-21 23:03:07',NULL),
	(13,0,0,0,0,1,0,0,14,0,1,0,0,15,'BVODNS82C27M172M','2015-11-21 23:04:46',NULL),
	(14,0,2000,0,0,3,3,2,14,-2,3,-1,2,16,'CDNOLG70C09Z140E','2015-11-23 09:39:52',NULL);

/*!40000 ALTER TABLE `INDICI_BISOGNO` ENABLE KEYS */;
UNLOCK TABLES;


# Dump of table MESSAGES
# ------------------------------------------------------------

DROP TABLE IF EXISTS `MESSAGES`;

CREATE TABLE `MESSAGES` (
  `id` int(11) unsigned NOT NULL AUTO_INCREMENT,
  `ente` int(11) DEFAULT NULL,
  `tag` varchar(16) DEFAULT NULL,
  `message_text` varchar(255) DEFAULT NULL,
  `action` varchar(128) DEFAULT NULL,
  `key1` varchar(32) DEFAULT NULL,
  `key2` int(11) DEFAULT NULL,
  `key3` date DEFAULT NULL,
  `start_date` date DEFAULT NULL,
  `end_date` date DEFAULT NULL,
  `message_read` tinyint(1) DEFAULT NULL,
  `timestamp` datetime DEFAULT NULL,
  PRIMARY KEY (`id`)
) ENGINE=InnoDB AUTO_INCREMENT=11 DEFAULT CHARSET=utf8;

LOCK TABLES `MESSAGES` WRITE;
/*!40000 ALTER TABLE `MESSAGES` DISABLE KEYS */;

INSERT INTO `MESSAGES` (`id`, `ente`, `tag`, `message_text`, `action`, `key1`, `key2`, `key3`, `start_date`, `end_date`, `message_read`, `timestamp`)
VALUES
	(4,0,'ECCEDENZE','Eccedenza disponibile','FOLLOW_impegniLink',NULL,NULL,NULL,'2015-11-22','2015-11-27',1,NULL),
	(5,12,'ASSISTITI','Trasferimento assistito SAIDA BENNOUNE (BNNSDA81A41Z330S) con la seguente motivazione: Cambio di residenza, richiede trasferimento su 5020','EXECUTE_completaTrasferimentoMessageAction','BNNSDA81A41Z330S',2,NULL,'2015-11-26',NULL,1,'2015-11-26 19:07:41'),
	(6,2,'ASSISTITI','Trasferimento assistito ISOLDA    ACHMADULLINA (CHMZLD39S66Z154U) con la seguente motivazione: Prova trasferimento','EXECUTE_completaTrasferimentoMessageAction','CHMZLD39S66Z154U',2,NULL,'2015-11-26',NULL,1,'2015-11-26 20:02:08'),
	(7,11,'ASSISTITI','Completare il trasferimento di <b>AZIZA    BENCHERQUI</b> (BNCZZA79A64Z330O) richiesto per: Vuole provare una nuova parrocchia...','EXECUTE_completaTrasferimentoMessageAction','BNCZZA79A64Z330O',11,NULL,'2015-11-26',NULL,1,'2015-11-26 21:35:19'),
	(9,0,'A_HALT','Il sig. Gabriele Minardi  desiderato alla reception','WARNING_',NULL,0,NULL,'2015-11-26',NULL,1,'2015-11-26 22:59:00'),
	(10,0,'A_HALT','Il dott. Gabriele Minardi  desiderato alla <i>reception</i> con <b>urgenza</b>','WARNING_',NULL,0,NULL,'2015-11-26',NULL,1,'2015-11-26 23:00:16');

/*!40000 ALTER TABLE `MESSAGES` ENABLE KEYS */;
UNLOCK TABLES;


# Dump of table NAZIONI
# ------------------------------------------------------------

DROP TABLE IF EXISTS `NAZIONI`;

CREATE TABLE `NAZIONI` (
  `codice` varchar(4) NOT NULL DEFAULT '',
  `denominazione` varchar(50) NOT NULL DEFAULT '',
  `sigla` varchar(4) DEFAULT NULL,
  PRIMARY KEY (`codice`),
  KEY `denominazione` (`denominazione`)
) ENGINE=InnoDB DEFAULT CHARSET=utf8;

LOCK TABLES `NAZIONI` WRITE;
/*!40000 ALTER TABLE `NAZIONI` DISABLE KEYS */;

INSERT INTO `NAZIONI` (`codice`, `denominazione`, `sigla`)
VALUES
	('Z000','Italia ','I '),
	('Z100','Albania ','AR '),
	('Z101','Andorra ','AND '),
	('Z102','Austria ','A '),
	('Z103','Belgio ','B '),
	('Z104','Bulgaria ','BG '),
	('Z105','Cecoslovacchia ','CS '),
	('Z106','Citt del Vaticano ','V '),
	('Z107','Danimarca ','DK '),
	('Z108','Faer Oer (Isole) ','FO '),
	('Z109','Finlandia ','FIN '),
	('Z110','Francia ','F '),
	('Z111','Germania Rep. Democratica ','DDR '),
	('Z112','Germania Rep. Federale ','D '),
	('Z113','Gibilterra (Gran Bretagna) ','GBZ '),
	('Z114','Gran Bretagna e Irlanda del nord ','GB '),
	('Z115','Grecia ','GR '),
	('Z116','Irlanda ','IRL '),
	('Z117','Islanda ','IS '),
	('Z118','Jugoslavia ','YU '),
	('Z119','Liechtenstein ','FL '),
	('Z120','Lussemburgo ','L '),
	('Z121','Malta, Comino e Gozo ','M '),
	('Z122','Man (isola, Gran Bretagna) ','GBM '),
	('Z123','Monaco ','MC '),
	('Z124','Alderney (isole del Canale o Normanne, GB) ','GBA '),
	('Z125','Norvegia ','N '),
	('Z126','Olanda o Paesi bassi ','NL '),
	('Z127','Polonia ','PL '),
	('Z128','Portogallo ','P '),
	('Z129','Romania ','RO '),
	('Z130','San Marino ','RSM '),
	('Z131','Spagna ','E '),
	('Z132','Svezia ','S '),
	('Z133','Svizzera ','CH '),
	('Z134','Ungheria ','H '),
	('Z135','Russia Unione Sovietica ','SU '),
	('Z136','Georgia ','GE '),
	('Z138','Ucraina ','UA '),
	('Z139','Bielorussia (Belarus) ','BI '),
	('Z140','Moldavia (Moldova) ','MD '),
	('Z144','Estonia ','EST '),
	('Z145','Lettonia ','LV '),
	('Z146','Lituania ','LT '),
	('Z148','Macedonia ','MK '),
	('Z149','Croazia ','HR '),
	('Z150','Slovenia ','SLO '),
	('Z153','Bosnia Erzegovina ','BiH '),
	('Z154','Russia  ','RUS '),
	('Z155','Slovacchia ','SK '),
	('Z156','Ceca (Repubblica) ','CZ '),
	('Z157','Serbia e Montenegro ',''),
	('Z158','Serbia ','SRB '),
	('Z159','Montenegro ','MNE '),
	('Z160','Kossovo ','RKS '),
	('Z161','Palestina (Territori palestinesi) ','PN '),
	('Z200','Afghanistan ','AFG '),
	('Z201','Arabia Meridionale (Repubblica della) ',''),
	('Z202','Arabia meridionale (Protettorato dell) ',''),
	('Z203','Arabia Saudita ','SA '),
	('Z204','Bahrein ','BRN '),
	('Z205','Bhutan ','BHT '),
	('Z206','Myanmar (Birmania) ','BUR '),
	('Z207','Brunei ','BRU '),
	('Z208','Cambogia ','K '),
	('Z209','Sri Lanka (Ceylon) ','CL '),
	('Z210','Cina Rep. Popolare ','CN '),
	('Z211','Cipro ','CY '),
	('Z212','Cocos (isole), dell\'Australia ','AUS '),
	('Z213','Corea (Repubblica di), Sud  ','ROK '),
	('Z214','Corea (Rep. Popolare di), Nord ','DVRK'),
	('Z215','Emirati Arabi Uniti','UAE '),
	('Z216','Filippine ','RP '),
	('Z217','Taiwan o Formosa ','RC '),
	('Z218','Gaza (Territorio di) ','PN '),
	('Z219','Giappone ','J '),
	('Z220','Giordania ','HKJ '),
	('Z221','Hong Kong ','HK '),
	('Z222','India ','IND '),
	('Z223','Indonesia ','RI '),
	('Z224','Iran ','IR '),
	('Z225','Iraq ','IRQ '),
	('Z226','Israele ','IL '),
	('Z227','Kuwait ','KWT '),
	('Z228','Laos ','LAO '),
	('Z229','Libano ','RL '),
	('Z230','Malaysia ',''),
	('Z231','Macao ','MAC '),
	('Z232','Maldive ','MV '),
	('Z233','Mongolia (Repubblica Popolare) ','MGL '),
	('Z234','Nepal ','NEP '),
	('Z235','Oman ','OM '),
	('Z236','Pakistan ','PK '),
	('Z237','Qatar ','Q '),
	('Z238','Ryukyu (isole, Giappone) ','J '),
	('Z239','Sikkim (India) ','IND '),
	('Z240','Siria ','SYR '),
	('Z241','Thailandia ','T '),
	('Z242','Timor est (isola) ','TL '),
	('Z243','Turchia ','TR '),
	('Z244','Vietnam del sud ','VN '),
	('Z245','Vietnam del nord ','VN '),
	('Z246','Yemen ','YE '),
	('Z247','Malaysia (Singapore, Saransk e Sabah) ','MAL '),
	('Z248','Singapore ','SGP '),
	('Z249','Bangladesh ','BD '),
	('Z250','Yemen ',''),
	('Z251','Vietnam ','VN '),
	('Z252','Armenia ','ARM '),
	('Z253','Azerbaijan ','AZ '),
	('Z254','Georgia ','GE '),
	('Z255','Kazakistan ','KAZ '),
	('Z256','Kyrgyzstan ','KS '),
	('Z257','Tagikistan (Tadjikistan) ','TJ '),
	('Z258','Turkmenistan ','TM '),
	('Z259','Uzbekistan ','UZ '),
	('Z300','Namibia (Africa del sud-ovest) ','NAM '),
	('Z301','Algeria ','DZ '),
	('Z302','Angola ','AN '),
	('Z303','Basutoland (Sudafrica Britannico) ',''),
	('Z304','Beciuania (Sud Africa Britannico) ',''),
	('Z305','Burundi (Ruanda Urundi) ','BU '),
	('Z306','Camerun ','CAM '),
	('Z307','Capo Verde (isole) ','CV '),
	('Z308','Centroafricana Republica ','RCA '),
	('Z309','Ciad (Tchad) ','TCH '),
	('Z310','Comore (isole) ','COM '),
	('Z311','Congo Brazzaville (Rep. Pop.) ','RCB '),
	('Z312','Congo Kinshasa (Leopoldville, Belga, Rep. Dem.) ','CD '),
	('Z313','Costa d\'Avorio ','CI '),
	('Z314','Benin ','RPB '),
	('Z315','Etiopia ','ETH '),
	('Z316','Gabon ','G '),
	('Z317','Gambia ','WAG '),
	('Z318','Ghana ','GH '),
	('Z319','Guinea ','RG '),
	('Z320','Guinea Bissau (G. Portoghese) ','GNB '),
	('Z321','Guinea Equatoriale (G. Spagnola) ','GQ '),
	('Z322','Kenia ','EAK '),
	('Z323','Ifni ','MA '),
	('Z324','La Reunion (isole, della Francia) ','F '),
	('Z325','Liberia ','LB '),
	('Z326','Libia ','LAR '),
	('Z327','Madagascar ','RM '),
	('Z328','Malawi ','MW '),
	('Z329','Mali ','RMM '),
	('Z330','Marocco ','MA '),
	('Z331','Mauritania ','RIM '),
	('Z332','Maurizio (isole) ','MS '),
	('Z333','Mozambico ','MOC '),
	('Z334','Niger ','RN '),
	('Z335','Nigeria ','WAN '),
	('Z336','Egitto o R.A.U. ','ET '),
	('Z337','Zimbawe (Rhodesia, Sud Rodesia) ','ZW '),
	('Z338','Ruanda ','RWA '),
	('Z339','Sahara spagnolo ','ME '),
	('Z340','Sant\'Elena (isola, Gran Bretagna) ',''),
	('Z341','Sao Tom e Principe (isole) ','STP '),
	('Z342','Seicelle (isole) ','SY '),
	('Z343','Senegal ','SN '),
	('Z344','Sierra Leone ','WAL '),
	('Z345','Somalia ','SO '),
	('Z346','Somalia francese ','CFS '),
	('Z347','Sudafricana Repubblica ','ZA '),
	('Z348','Sudan ','SUD '),
	('Z349','Swaziland - Sudafrica britannico - Ngwana ','SD '),
	('Z350','Tanganica ','EAZ '),
	('Z351','Togo ','TG '),
	('Z352','Tunisia ','TN '),
	('Z353','Uganda ','EAU '),
	('Z354','Altovolta o Volta o Burkina Faso ','RHV '),
	('Z355','Zambia (Nord Rodesia) ','Z '),
	('Z356','Zanzibar ',''),
	('Z357','Tanzania ','EAT '),
	('Z358','Botswana ','RB '),
	('Z359','Lesotho ','LS '),
	('Z360','Mayotte (isola, Francia) ',''),
	('Z361','Gibuti ','DJI '),
	('Z362','Sahara meridionale ',''),
	('Z363','Sahara settentrionale ',''),
	('Z364','Bophuthatswana ',''),
	('Z365','Transkei ',''),
	('Z366','Venda ',''),
	('Z367','Ciskei ',''),
	('Z368','Eritrea ','ER '),
	('Z369','Nyasaland ',''),
	('Z400','Bermude (isole) ','BM '),
	('Z401','Canada ','CDN '),
	('Z402','Groenlandia (Danimarca) ','GRL '),
	('Z403','Saint Pierre et Miquelon (isole, Francia) ','F '),
	('Z404','Stati Uniti d\'America ','USA '),
	('Z500','Barbados (Antille Britanniche, Cayman) ','BDS '),
	('Z501','Antille Olandesi ','NA '),
	('Z502','Bahama ','BS '),
	('Z503','Costa Rica ','CR '),
	('Z504','Cuba ','C '),
	('Z505','Domenicana Repubblica ','DOM '),
	('Z506','El Salvador ','ES '),
	('Z507','Giamaica ','JA '),
	('Z508','Guadalupa ','GP '),
	('Z509','Guatemala ','GCA '),
	('Z510','Haiti ','RH '),
	('Z511','Honduras ','HO '),
	('Z512','Belize (Honduras Britannico) ','BH '),
	('Z513','Martinica ',''),
	('Z514','Messico ','MEX '),
	('Z515','Nicaragua ','NIC '),
	('Z516','Panama ','PA '),
	('Z517','Panama zona del canale ','USA '),
	('Z518','Puerto Rico ','PR '),
	('Z519','Turks e Caicos (isole, GB) ',''),
	('Z520','Vergini (isole americane) ','USA '),
	('Z523','Antille Britanniche ','BDS '),
	('Z524','Winward Granada ','WG '),
	('Z525','Vergini (isole Britanniche) ','BVI '),
	('Z527','Winward S. Lucia ','WL '),
	('Z528','Winward S. Vincent ','WV '),
	('Z530','Cayman (isole) ','BDS '),
	('Z532','Antigua e Barbuda ','AG '),
	('Z533','St Kitts e Nevis (Saint Cristopher e Nevis) ','SCN '),
	('Z600','Argentina ','RA '),
	('Z601','Bolivia ','BOL '),
	('Z602','Brasile ','BR '),
	('Z603','Cile ','RCH '),
	('Z604','Colombia ','CO '),
	('Z605','Ecuador ','EC '),
	('Z606','Guyana Britannica ','GUY '),
	('Z607','Guyana Francese ','F '),
	('Z608','Suriname (Guyana Olandese) ','SME '),
	('Z609','Falkland o Malvine (isole, Gran Bretagna) ','FLK '),
	('Z610','Paraguay ','PY '),
	('Z611','Per ','PE '),
	('Z612','Trinidad e Tobago ','TT '),
	('Z613','Uruguay ','ROU '),
	('Z614','Venezuela ','YV '),
	('Z700','Australia ','AUS '),
	('Z701','Caroline (isole, Micronesia) ','FSM '),
	('Z702','Kiribati, Christmas (isole) ','KIR '),
	('Z703','Cook (isole) ','NZ '),
	('Z704','Figi o Viti (isole) ','FJI '),
	('Z705','Kiribati o Tuvalu (isole Gilbert e Ellice) ','KIR '),
	('Z706','Guam (isola), USA ','GM '),
	('Z707','Nuova Guinea Olandese (Irian Occidentale) ','NGN '),
	('Z708','Macquaire (isole, dell\'Australia) ','AUS '),
	('Z709','Marcus (isola, Giappone) ','J '),
	('Z710','Marianne settentrionali (isole, degli USA) ','USA '),
	('Z711','Marshall (isole) ','MH '),
	('Z712','Midway (isole) ',''),
	('Z713','Nauru (isole) ','NAU '),
	('Z714','Niue e Savage (isole) ',''),
	('Z715','Norfolk (isole, Australia) ','AUS '),
	('Z716','Nuova Caledonia (isole, Francia) ','F '),
	('Z717','Vanuatu (isole Nuove Ebridi) ','VU '),
	('Z718','Papua Nuova Guinea ','PNG '),
	('Z719','Nuova Zelanda ','NZ '),
	('Z720','Papua Nuova Guinea (Papuasia) ','PNG '),
	('Z721','Pasqua (isola, Cile) ','RCH '),
	('Z722','Pitcairn (Gran Bretagna) ','GB '),
	('Z723','Polinesia (isole, Francia) ','F '),
	('Z724','Salomone (isole) ','SLB '),
	('Z725','Samoa americane (isole, USA) ','USA '),
	('Z726','Samoa occidentali (isole) ','WS '),
	('Z727','Unione (isole della) o Tokelau (NZ) ','NZ '),
	('Z728','Tonga o Isole degli Amici ','TO '),
	('Z729','Wallis e Futuna (isole, Francia) ','F '),
	('Z734','Palau ','PAL '),
	('Z800','Artico: Dipendenze canadesi ',''),
	('Z801','Artico: Dipendenze norvegesi ',''),
	('Z802','Artico: Dipendenze sovietiche ',''),
	('Z900','Antartico: Dipendenze australiane ',''),
	('Z901','Antartico: Dipendenze britanniche ',''),
	('Z902','Antartico: Dipendenze francesi ',''),
	('Z903','Antartico: Dipendenze neozelandesi ',''),
	('Z904','Antartico: Dipendenze norvegesi ',''),
	('Z905','Antartico: Dipendenze statunitensi ',''),
	('Z906','Antartico: Dipendenze sudafricane ','');

/*!40000 ALTER TABLE `NAZIONI` ENABLE KEYS */;
UNLOCK TABLES;


# Dump of table NOTE_ASSISTITI
# ------------------------------------------------------------

DROP TABLE IF EXISTS `NOTE_ASSISTITI`;

CREATE TABLE `NOTE_ASSISTITI` (
  `id` int(11) NOT NULL AUTO_INCREMENT,
  `note_libere` varchar(1000) DEFAULT NULL,
  `data_note` date DEFAULT NULL,
  `cf_assistito_note` varchar(16) DEFAULT NULL,
  `operatore` int(11) DEFAULT NULL,
  PRIMARY KEY (`id`),
  KEY `fk_cf_assistito_idx` (`cf_assistito_note`),
  CONSTRAINT `fk_cf_assistito_note` FOREIGN KEY (`cf_assistito_note`) REFERENCES `assistiti` (`cod_fiscale`) ON DELETE NO ACTION ON UPDATE NO ACTION
) ENGINE=InnoDB AUTO_INCREMENT=108 DEFAULT CHARSET=utf8;

LOCK TABLES `NOTE_ASSISTITI` WRITE;
/*!40000 ALTER TABLE `NOTE_ASSISTITI` DISABLE KEYS */;

INSERT INTO `NOTE_ASSISTITI` (`id`, `note_libere`, `data_note`, `cf_assistito_note`, `operatore`)
VALUES
	(2,'Alleluja','2015-11-10','BDDHYT78B65Z330K',1),
	(3,'Again...','2015-11-18','BDDHYT78B65Z330K',9),
	(5,'non mi sembra...','2015-11-18','BDDHYT78B65Z330K',9),
	(6,'Avete rotto la ciolla!','2015-11-20','BDDHYT78B65Z330K',9),
	(7,'Trattasi di record di prova, per verificare il corretto funzionamento dell\'applicativo Rete Talenti','2015-11-21','BLKMJD12B01H783M',9),
	(8,'Rimosso dall\'emporio (inserito il 2015-01-01T00:00:00 fino al 2015-12-31T00:00:00)','2015-11-22','BVODNS82C27M172M',0),
	(9,'Rimosso dall\'emporio (accettato il 2015-01-01T00:00:00 fino al 2015-12-31T00:00:00)','2015-11-22','BVODNS82C27M172M',0),
	(10,'Rimosso dall\'emporio (accettato il 01-01-2015 fino al 31-12-2015)','2015-11-22','BVODNS82C27M172M',0),
	(11,'Nota la nota,  una nota nota.','2015-11-23','BLLFZO63H51Z330D',9),
	(12,'Accettato dall\'emporio 5020-cinquantaventi dal 30/nov/2015 al 31/dic/2015','2015-11-23','BLLFZO63H51Z330D',0),
	(13,'Accettato dall\'emporio 5020-cinquantaventi dal 30/nov/2015 al 31/dic/2015','2015-11-23','BNCZZA79A64Z330O',0),
	(14,'Accettato dall\'emporio 5020-cinquantaventi dal 24/nov/2015 al 30/gen/2016','2015-11-23','BNCZZA79A64Z330O',0),
	(15,'Accettato dall\'emporio 5020-cinquantaventi dal 26/nov/2015 al 26/nov/2015','2015-11-25','BLLFZO63H51Z330D',0),
	(16,'Rimosso dall\'emporio (accettato il 24-11-2015 fino al 30-01-2016)','2015-11-25','BNCZZA79A64Z330O',0),
	(17,'Rimozione candidatura dall\'emporio','2015-11-25','CDNOLG70C09Z140E',0),
	(18,'Rimozione candidatura dall\'emporio','2015-11-25','BVODNS82C27M172M',0),
	(19,'Rimozione candidatura dall\'emporio','2015-11-25','BNNSDA81A41Z330S',0),
	(20,'Candidato all\'emporio','2015-11-25','BNCZZA79A64Z330O',0),
	(21,'Candidato all\'emporio','2015-11-25','BVODNS82C27M172M',0),
	(22,'Accettato dall\'emporio 5020-EMPORIO dal null al null','2015-11-25','BNCZZA79A64Z330O',0),
	(23,'Candidato all\'emporio','2015-11-25','CDNOLG70C09Z140E',0),
	(24,'Candidato all\'emporio','2015-11-25','BNCZZA79A64Z330O',0),
	(25,'Candidato all\'emporio','2015-11-25','BLLFZO63H51Z330D',0),
	(26,'Candidato all\'emporio','2015-11-25','BNNSDA81A41Z330S',0),
	(27,'Accettato dall\'emporio 5020-EMPORIO dal 26/nov/2015 al null','2015-11-25','CDNOLG70C09Z140E',0),
	(28,'Accettato dall\'emporio 5020-EMPORIO dal 02/nov/2015 al null','2015-11-25','BLLFZO63H51Z330D',0),
	(29,'Accettato dall\'emporio 5020-EMPORIO dal 26/nov/2015 al null','2015-11-25','BNCZZA79A64Z330O',0),
	(30,'Accettato dall\'emporio 5020-EMPORIO dal 26/nov/2015 al null','2015-11-25','BVODNS82C27M172M',0),
	(31,'Candidato all\'emporio','2015-11-25','CDNOLG70C09Z140E',0),
	(32,'Candidato all\'emporio','2015-11-25','BNCZZA79A64Z330O',0),
	(33,'Candidato all\'emporio','2015-11-25','BVODNS82C27M172M',0),
	(34,'Candidato all\'emporio','2015-11-25','BLLFZO63H51Z330D',0),
	(35,'Accettato dall\'emporio 5020-EMPORIO dal 26/nov/2015 al 26/nov/2015','2015-11-25','CDNOLG70C09Z140E',0),
	(36,'Accettato dall\'emporio 5020-EMPORIO dal 26/nov/2015 al 26/nov/2015','2015-11-25','BLLFZO63H51Z330D',0),
	(37,'Accettato dall\'emporio 5020-EMPORIO dal 26/nov/2015 al 26/nov/2015','2015-11-25','BLLFZO63H51Z330D',0),
	(38,'Accettato dall\'emporio 5020-EMPORIO dal 26/nov/2015 al 26/nov/2015','2015-11-25','BLLFZO63H51Z330D',0),
	(39,'Accettato dall\'emporio 5020-EMPORIO dal 26/nov/2015 al 26/nov/2015','2015-11-25','BLLFZO63H51Z330D',0),
	(40,'Accettato dall\'emporio 5020-EMPORIO dal 26/nov/2015 al 26/nov/2015','2015-11-25','BLLFZO63H51Z330D',0),
	(41,'Accettato dall\'emporio 5020-EMPORIO dal 26/nov/2015 al 26/nov/2015','2015-11-25','BLLFZO63H51Z330D',0),
	(42,'Accettato dall\'emporio 5020-EMPORIO dal 26/nov/2015 al 26/nov/2015','2015-11-25','BLLFZO63H51Z330D',0),
	(43,'Accettato dall\'emporio 5020-EMPORIO dal 26/nov/2015 al 26/nov/2015','2015-11-25','BLLFZO63H51Z330D',0),
	(44,'Accettato dall\'emporio 5020-EMPORIO dal 26/nov/2015 al 26/nov/2015','2015-11-25','BLLFZO63H51Z330D',0),
	(45,'Accettato dall\'emporio 5020-EMPORIO dal 26/nov/2015 al 26/nov/2015','2015-11-25','BLLFZO63H51Z330D',0),
	(46,'Accettato dall\'emporio 5020-EMPORIO dal 26/nov/2015 al 26/nov/2015','2015-11-25','BLLFZO63H51Z330D',0),
	(47,'Accettato dall\'emporio 5020-EMPORIO dal 26/nov/2015 al 26/nov/2015','2015-11-25','BLLFZO63H51Z330D',0),
	(48,'Accettato dall\'emporio 5020-EMPORIO dal 26/nov/2015 al 26/nov/2015','2015-11-25','BLLFZO63H51Z330D',0),
	(49,'Accettato dall\'emporio 5020-EMPORIO dal 26/nov/2015 al 26/nov/2015','2015-11-25','BLLFZO63H51Z330D',0),
	(50,'Accettato dall\'emporio 5020-EMPORIO dal 26/nov/2015 al 26/nov/2015','2015-11-25','BLLFZO63H51Z330D',0),
	(51,'Accettato dall\'emporio 5020-EMPORIO dal 26/nov/2015 al 26/nov/2015','2015-11-25','BLLFZO63H51Z330D',0),
	(52,'Accettato dall\'emporio 5020-EMPORIO dal 26/nov/2015 al 26/nov/2015','2015-11-25','BLLFZO63H51Z330D',0),
	(53,'Accettato dall\'emporio 5020-EMPORIO dal 26/nov/2015 al 26/nov/2015','2015-11-25','BLLFZO63H51Z330D',0),
	(54,'Accettato dall\'emporio 5020-EMPORIO dal 26/nov/2015 al 26/nov/2015','2015-11-25','BLLFZO63H51Z330D',0),
	(55,'Accettato dall\'emporio 5020-EMPORIO dal 26/nov/2015 al 26/nov/2015','2015-11-25','BLLFZO63H51Z330D',0),
	(56,'Accettato dall\'emporio 5020-EMPORIO dal 26/nov/2015 al 26/nov/2015','2015-11-25','BNCZZA79A64Z330O',0),
	(57,'Accettato dall\'emporio 5020-EMPORIO dal 26/nov/2015 al 26/nov/2015','2015-11-25','BVODNS82C27M172M',0),
	(58,'Accettato dall\'emporio 5020-EMPORIO dal 26/nov/2015 al 26/nov/2015','2015-11-25','BNNSDA81A41Z330S',0),
	(59,'Candidato all\'emporio','2015-11-25','CDNOLG70C09Z140E',0),
	(60,'Candidato all\'emporio','2015-11-25','BNCZZA79A64Z330O',0),
	(61,'Candidato all\'emporio','2015-11-25','BVODNS82C27M172M',0),
	(62,'Candidato all\'emporio','2015-11-25','BLLFZO63H51Z330D',0),
	(63,'Candidato all\'emporio','2015-11-25','BNNSDA81A41Z330S',0),
	(64,'Rimozione candidatura dall\'emporio','2015-11-26','CDNOLG70C09Z140E',0),
	(65,'Rimozione candidatura dall\'emporio','2015-11-26','BLLFZO63H51Z330D',0),
	(66,'Rimozione candidatura dall\'emporio','2015-11-26','BNCZZA79A64Z330O',0),
	(67,'Rimozione candidatura dall\'emporio','2015-11-26','BVODNS82C27M172M',0),
	(68,'Rimozione candidatura dall\'emporio','2015-11-26','BNNSDA81A41Z330S',0),
	(69,'Candidato all\'emporio','2015-11-26','CDNOLG70C09Z140E',0),
	(70,'Candidato all\'emporio','2015-11-26','BNCZZA79A64Z330O',0),
	(71,'Rimozione candidatura dall\'emporio','2015-11-26','CDNOLG70C09Z140E',0),
	(72,'Rimozione candidatura dall\'emporio','2015-11-26','BNCZZA79A64Z330O',0),
	(73,'Candidato all\'emporio','2015-11-26','CDNOLG70C09Z140E',0),
	(74,'Candidato all\'emporio','2015-11-26','BNCZZA79A64Z330O',0),
	(75,'Rimozione candidatura dall\'emporio','2015-11-26','CDNOLG70C09Z140E',0),
	(76,'Rimozione candidatura dall\'emporio','2015-11-26','BNCZZA79A64Z330O',0),
	(77,'Candidato all\'emporio','2015-11-26','CDNOLG70C09Z140E',0),
	(78,'Candidato all\'emporio','2015-11-26','BNCZZA79A64Z330O',0),
	(79,'Rimozione candidatura dall\'emporio','2015-11-26','CDNOLG70C09Z140E',0),
	(80,'Rimozione candidatura dall\'emporio','2015-11-26','BNCZZA79A64Z330O',0),
	(81,'Candidato all\'emporio','2015-11-26','CDNOLG70C09Z140E',0),
	(82,'Candidato all\'emporio','2015-11-26','BNCZZA79A64Z330O',0),
	(83,'Rimozione candidatura dall\'emporio','2015-11-26','CDNOLG70C09Z140E',0),
	(84,'Rimozione candidatura dall\'emporio','2015-11-26','BNCZZA79A64Z330O',0),
	(85,'Candidato all\'emporio','2015-11-26','CDNOLG70C09Z140E',0),
	(86,'Candidato all\'emporio','2015-11-26','BNCZZA79A64Z330O',0),
	(87,'Candidato all\'emporio','2015-11-26','BVODNS82C27M172M',0),
	(88,'Candidato all\'emporio','2015-11-26','BLLFZO63H51Z330D',0),
	(89,'Candidato all\'emporio','2015-11-26','BNNSDA81A41Z330S',0),
	(90,'Rimozione candidatura dall\'emporio','2015-11-26','CDNOLG70C09Z140E',0),
	(91,'Rimozione candidatura dall\'emporio','2015-11-26','BLLFZO63H51Z330D',0),
	(92,'Rimozione candidatura dall\'emporio','2015-11-26','BNCZZA79A64Z330O',0),
	(93,'Rimozione candidatura dall\'emporio','2015-11-26','BVODNS82C27M172M',0),
	(94,'Rimozione candidatura dall\'emporio','2015-11-26','BNNSDA81A41Z330S',0),
	(95,'Candidato all\'emporio','2015-11-26','CDNOLG70C09Z140E',0),
	(96,'Candidato all\'emporio','2015-11-26','BNCZZA79A64Z330O',0),
	(97,'Candidato all\'emporio','2015-11-26','BVODNS82C27M172M',0),
	(98,'Candidato all\'emporio','2015-11-26','BLLFZO63H51Z330D',0),
	(99,'Candidato all\'emporio','2015-11-26','BNNSDA81A41Z330S',0),
	(100,'Rimozione candidatura dall\'emporio','2015-11-26','BLLFZO63H51Z330D',0),
	(101,'Rimozione candidatura dall\'emporio','2015-11-26','BVODNS82C27M172M',0),
	(102,'Riattivata assistenza in data odierna','2015-11-26','BLKMJD12B01H783M',0),
	(103,'Trasferimento completato in data odierna','2015-11-26','CHMZLD39S66Z154U',0),
	(104,'Trasferimento completato in data odierna','2015-11-26','BNNSDA81A41Z330S',0),
	(105,'Trasferimento completato in data odierna','2015-11-26','BNNSDA81A41Z330S',0),
	(107,'Trasferimento completato in data odierna','2015-11-26','CHMZLD39S66Z154U',0);

/*!40000 ALTER TABLE `NOTE_ASSISTITI` ENABLE KEYS */;
UNLOCK TABLES;


# Dump of table NUCLEO_FAMILIARE
# ------------------------------------------------------------

DROP TABLE IF EXISTS `NUCLEO_FAMILIARE`;

CREATE TABLE `NUCLEO_FAMILIARE` (
  `codice_fiscale` varchar(16) NOT NULL DEFAULT '',
  `nome` varchar(45) NOT NULL DEFAULT '',
  `cognome` varchar(45) NOT NULL DEFAULT '',
  `sesso` varchar(1) DEFAULT NULL,
  `data_nascita` date DEFAULT NULL,
  `tipo_parentela` int(2) DEFAULT NULL,
  `cf_assistito_nf` varchar(16) DEFAULT NULL,
  PRIMARY KEY (`codice_fiscale`),
  KEY `fk_cf_assistito_idx` (`cf_assistito_nf`),
  KEY `fk_cf_assistito_nf_idx` (`cf_assistito_nf`),
  CONSTRAINT `fk_cf_assistito_nf` FOREIGN KEY (`cf_assistito_nf`) REFERENCES `assistiti` (`cod_fiscale`) ON DELETE NO ACTION ON UPDATE NO ACTION
) ENGINE=InnoDB DEFAULT CHARSET=utf8;

LOCK TABLES `NUCLEO_FAMILIARE` WRITE;
/*!40000 ALTER TABLE `NUCLEO_FAMILIARE` DISABLE KEYS */;

INSERT INTO `NUCLEO_FAMILIARE` (`codice_fiscale`, `nome`, `cognome`, `sesso`, `data_nascita`, `tipo_parentela`, `cf_assistito_nf`)
VALUES
	('BNRMHL70A01F244Y','Michelangelo','Buonarroti','M','1980-11-18',6,'BDDHYT78B65Z330K'),
	('MGNLRT65B12F205B','Alberto','Mognoni','M','1965-02-12',6,'BLKMJD12B01H783M'),
	('MGNMRT98S51F205W','Myrta','Mognoni','F','1998-11-11',2,'BLKMJD12B01H783M'),
	('MNRGRL64E07D458P','Gabriele','Minardi','M','1964-05-07',4,'BLLFZO63H51Z330D');

/*!40000 ALTER TABLE `NUCLEO_FAMILIARE` ENABLE KEYS */;
UNLOCK TABLES;


# Dump of table PROVINCE
# ------------------------------------------------------------

DROP TABLE IF EXISTS `PROVINCE`;

CREATE TABLE `PROVINCE` (
  `cod_provincia` int(11) NOT NULL DEFAULT '0',
  `denominazione` varchar(32) DEFAULT '',
  `sigla_autom` varchar(2) DEFAULT NULL,
  PRIMARY KEY (`cod_provincia`)
) ENGINE=InnoDB DEFAULT CHARSET=utf8;

LOCK TABLES `PROVINCE` WRITE;
/*!40000 ALTER TABLE `PROVINCE` DISABLE KEYS */;

INSERT INTO `PROVINCE` (`cod_provincia`, `denominazione`, `sigla_autom`)
VALUES
	(23,'Verona','VR'),
	(24,'Vicenza','VI'),
	(25,'Belluno','BL'),
	(26,'Treviso','TV'),
	(27,'Venezia','VE'),
	(28,'Padova','PD'),
	(29,'Rovigo','RO');

/*!40000 ALTER TABLE `PROVINCE` ENABLE KEYS */;
UNLOCK TABLES;


# Dump of table STATI_CIVILI
# ------------------------------------------------------------

DROP TABLE IF EXISTS `STATI_CIVILI`;

CREATE TABLE `STATI_CIVILI` (
  `id` int(11) unsigned NOT NULL AUTO_INCREMENT,
  `descrizione` varchar(32) DEFAULT NULL,
  PRIMARY KEY (`id`)
) ENGINE=InnoDB AUTO_INCREMENT=5 DEFAULT CHARSET=utf8;

LOCK TABLES `STATI_CIVILI` WRITE;
/*!40000 ALTER TABLE `STATI_CIVILI` DISABLE KEYS */;

INSERT INTO `STATI_CIVILI` (`id`, `descrizione`)
VALUES
	(1,'Celibe/Nubile'),
	(2,'Coniugato/a'),
	(3,'Divorziato/a'),
	(4,'Vedovo/a');

/*!40000 ALTER TABLE `STATI_CIVILI` ENABLE KEYS */;
UNLOCK TABLES;


# Dump of table UNI_MISURA
# ------------------------------------------------------------

DROP TABLE IF EXISTS `UNI_MISURA`;

CREATE TABLE `UNI_MISURA` (
  `id` int(11) unsigned NOT NULL AUTO_INCREMENT,
  `codice` varchar(10) DEFAULT NULL,
  `descrizione` varchar(32) DEFAULT NULL,
  PRIMARY KEY (`id`)
) ENGINE=InnoDB AUTO_INCREMENT=9 DEFAULT CHARSET=utf8;

LOCK TABLES `UNI_MISURA` WRITE;
/*!40000 ALTER TABLE `UNI_MISURA` DISABLE KEYS */;

INSERT INTO `UNI_MISURA` (`id`, `codice`, `descrizione`)
VALUES
	(1,'KGM','Chilogrammi'),
	(6,'LT','Litri'),
	(7,'PZ','Pezzi'),
	(8,'AMM','Ammunitions');

/*!40000 ALTER TABLE `UNI_MISURA` ENABLE KEYS */;
UNLOCK TABLES;


# Dump of table USERS
# ------------------------------------------------------------

DROP TABLE IF EXISTS `USERS`;

CREATE TABLE `USERS` (
  `id` int(11) NOT NULL,
  `username` varchar(50) CHARACTER SET utf8 DEFAULT NULL,
  `password` varchar(100) CHARACTER SET utf8 DEFAULT NULL,
  `userfirstname` varchar(50) CHARACTER SET utf8 DEFAULT NULL,
  `userlastname` varchar(50) CHARACTER SET utf8 DEFAULT NULL,
  `useremail` varchar(50) CHARACTER SET utf8 DEFAULT NULL,
  `userphone` varchar(10) CHARACTER SET utf8 DEFAULT NULL,
  `groupid` int(2) NOT NULL,
  `ente` int(2) DEFAULT NULL,
  PRIMARY KEY (`id`)
) ENGINE=InnoDB DEFAULT CHARSET=latin1;

LOCK TABLES `USERS` WRITE;
/*!40000 ALTER TABLE `USERS` DISABLE KEYS */;

INSERT INTO `USERS` (`id`, `username`, `password`, `userfirstname`, `userlastname`, `useremail`, `userphone`, `groupid`, `ente`)
VALUES
	(1,'alberto.mognoni','783e18bf20c5ec3052e399936d65977c','Alberto','Mognoni','alberto.mognoni@gmail.com','3387923715',1,2),
	(6,'g.minardi','1c4d3ace56dd00733de2152e704a52b4','Gabriele','Minardi','gabriele.minardi@5020.it','000000000',1,1),
	(7,'r.nono','d31427b45ae267fd666536b021d5b4e5','Raoul','Nono','nonoraoul3@gmail.com','9999999',1,3),
	(8,'rovigo','041376976ee9ed8334ea9ad4f63bd20e','Utente test','Rovigo','u.rovigo@email.net','342342343',2,11),
	(9,'acliverona','6000a9998e1807cebcbf2acd12f3f385','ACLI','Verona','a.a@i.it','1111111',2,12),
	(10,'aclibase','c3364adef7386a076116de9734b092e5','ACLI Verona','Utente Base','u.b@i.it','10203040',3,12),
	(11,'emporio','c773d7030b98fdf793eb4306eb8eef96','Utente','Emporio','u.e@email.it','10203040',2,2);

/*!40000 ALTER TABLE `USERS` ENABLE KEYS */;
UNLOCK TABLES;



/*!40111 SET SQL_NOTES=@OLD_SQL_NOTES */;
/*!40101 SET SQL_MODE=@OLD_SQL_MODE */;
/*!40014 SET FOREIGN_KEY_CHECKS=@OLD_FOREIGN_KEY_CHECKS */;
/*!40101 SET CHARACTER_SET_CLIENT=@OLD_CHARACTER_SET_CLIENT */;
/*!40101 SET CHARACTER_SET_RESULTS=@OLD_CHARACTER_SET_RESULTS */;
/*!40101 SET COLLATION_CONNECTION=@OLD_COLLATION_CONNECTION */;
